FeedbackID,OrderID,CustomerID,FeedbackDate,Rating,Satisfaction,RecommendLikelihood,ProductCategory,Comments
FB00742,ORD01452,C0007,1/4/2023,2,Dissatisfied,4,Lifestyle Goods,Had some issues with the product.
FB00715,ORD01674,C0294,1/9/2023,5,Very Satisfied,10,Home Appliances,Fast delivery and great customer service.
FB00853,ORD02382,C0059,1/9/2023,5,Very Satisfied,9,Lifestyle Goods,Excellent product quality! Highly recommend.
FB00529,ORD00716,C0273,1/11/2023,4,Satisfied,7,Home Appliances,Satisfied with the purchase.
FB00684,ORD01998,C0281,1/12/2023,4,Satisfied,7,Home Appliances,Meets my needs perfectly.
FB00287,ORD01926,C0091,1/14/2023,5,Very Satisfied,10,Home Appliances,Excellent product quality! Highly recommend.
FB00400,ORD02019,C0120,1/16/2023,5,Very Satisfied,9,Electronics,Will definitely buy again.
FB00961,ORD00553,C0153,1/21/2023,4,Satisfied,9,Home Appliances,"Good product, works as expected."
FB00080,ORD01784,C0104,1/22/2023,4,Satisfied,8,Home Appliances,Satisfied with the purchase.
FB00942,ORD00312,C0324,1/23/2023,5,Very Satisfied,10,Home Appliances,Will definitely buy again.
FB00384,ORD00254,C0186,1/23/2023,3,Neutral,5,Electronics,"Average quality, expected more."
FB00886,ORD00977,C0005,1/23/2023,5,Very Satisfied,10,Lifestyle Goods,Best purchase I have made this year!
FB00389,ORD02205,C0193,1/27/2023,3,Neutral,6,Home Appliances,"Product is okay, nothing special."
FB00450,ORD02015,C0078,1/28/2023,4,Satisfied,8,Electronics,Happy with the quality.
FB00084,ORD00633,C0124,1/28/2023,3,Neutral,7,Electronics,"Product is okay, nothing special."
FB00830,ORD01633,C0467,1/31/2023,4,Satisfied,9,Home Appliances,Happy with the quality.
FB00385,ORD00781,C0046,1/31/2023,4,Satisfied,9,Home Appliances,Satisfied with the purchase.
FB00055,ORD02199,C0170,2/3/2023,5,Very Satisfied,9,Electronics,Excellent product quality! Highly recommend.
FB00634,ORD01362,C0336,2/4/2023,4,Satisfied,7,Home Appliances,"Product is fine, delivery was on time."
FB00793,ORD02469,C0034,2/5/2023,4,Satisfied,9,Home Appliances,Meets my needs perfectly.
FB00424,ORD01318,C0089,2/6/2023,3,Neutral,6,Electronics,"Average quality, expected more."
FB00328,ORD00427,C0042,2/7/2023,4,Satisfied,7,Electronics,"Product is fine, delivery was on time."
FB00428,ORD02231,C0484,2/8/2023,5,Very Satisfied,9,Home Appliances,Product exceeded my expectations.
FB00054,ORD00829,C0405,2/8/2023,4,Satisfied,8,Home Appliances,Meets my needs perfectly.
FB00796,ORD01967,C0395,2/10/2023,3,Neutral,6,Home Appliances,"Average quality, expected more."
FB00259,ORD01739,C0333,2/11/2023,5,Very Satisfied,10,Home Appliances,Excellent product quality! Highly recommend.
FB00863,ORD01222,C0151,2/12/2023,5,Very Satisfied,9,Electronics,Will definitely buy again.
FB00499,ORD00368,C0065,2/12/2023,3,Neutral,7,Electronics,It works but could be better.
FB00655,ORD00229,C0127,2/13/2023,3,Neutral,6,Lifestyle Goods,Decent product for the price.
FB00775,ORD01365,C0299,2/15/2023,4,Satisfied,7,Lifestyle Goods,"Good product, works as expected."
FB00749,ORD00269,C0211,2/15/2023,5,Very Satisfied,10,Home Appliances,Best purchase I have made this year!
FB00611,ORD01764,C0066,2/16/2023,5,Very Satisfied,9,Home Appliances,Product exceeded my expectations.
FB00883,ORD01904,C0258,2/16/2023,4,Satisfied,8,Home Appliances,Meets my needs perfectly.
FB00984,ORD01716,C0283,2/16/2023,5,Very Satisfied,9,Electronics,Will definitely buy again.
FB00436,ORD02090,C0104,2/16/2023,4,Satisfied,7,Electronics,"Good product, works as expected."
FB00747,ORD00476,C0024,2/18/2023,4,Satisfied,8,Electronics,Meets my needs perfectly.
FB00159,ORD00217,C0030,2/19/2023,2,Dissatisfied,5,Home Appliances,Delivery was delayed.
FB00756,ORD00323,C0326,2/19/2023,4,Satisfied,7,Home Appliances,Meets my needs perfectly.
FB00123,ORD00359,C0373,2/24/2023,1,Very Dissatisfied,3,Lifestyle Goods,Very disappointed with the quality.
FB00394,ORD00060,C0485,2/25/2023,4,Satisfied,9,Electronics,"Product is fine, delivery was on time."
FB00563,ORD01538,C0475,2/25/2023,3,Neutral,5,Lifestyle Goods,No complaints but not impressed either.
FB00444,ORD01544,C0284,2/25/2023,1,Very Dissatisfied,1,Lifestyle Goods,Product arrived damaged.
FB00595,ORD02315,C0394,2/26/2023,4,Satisfied,9,Electronics,Satisfied with the purchase.
FB00685,ORD02296,C0354,2/26/2023,4,Satisfied,7,Home Appliances,Satisfied with the purchase.
FB00506,ORD02279,C0312,2/26/2023,5,Very Satisfied,9,Lifestyle Goods,Great value for money.
FB00271,ORD01505,C0260,2/27/2023,4,Satisfied,8,Electronics,Meets my needs perfectly.
FB00048,ORD00637,C0126,2/27/2023,4,Satisfied,8,Lifestyle Goods,Happy with the quality.
FB00812,ORD02042,C0443,3/2/2023,2,Dissatisfied,4,Lifestyle Goods,Delivery was delayed.
FB00440,ORD01520,C0419,3/6/2023,4,Satisfied,8,Electronics,"Good product, works as expected."
FB00841,ORD00603,C0233,3/6/2023,5,Very Satisfied,9,Electronics,Product exceeded my expectations.
FB00678,ORD00096,C0065,3/7/2023,3,Neutral,7,Lifestyle Goods,No complaints but not impressed either.
FB00365,ORD00136,C0496,3/8/2023,4,Satisfied,7,Electronics,"Product is fine, delivery was on time."
FB00264,ORD02229,C0321,3/8/2023,5,Very Satisfied,9,Electronics,Product exceeded my expectations.
FB00100,ORD00362,C0039,3/10/2023,5,Very Satisfied,9,Lifestyle Goods,Will definitely buy again.
FB00375,ORD00412,C0426,3/11/2023,3,Neutral,7,Electronics,"Average quality, expected more."
FB00025,ORD01278,C0045,3/12/2023,2,Dissatisfied,3,Home Appliances,Delivery was delayed.
FB00210,ORD01313,C0264,3/12/2023,2,Dissatisfied,3,Lifestyle Goods,Product quality could be better.
FB00139,ORD00544,C0465,3/13/2023,4,Satisfied,8,Lifestyle Goods,Satisfied with the purchase.
FB00909,ORD02353,C0150,3/15/2023,5,Very Satisfied,10,Home Appliances,Product exceeded my expectations.
FB00573,ORD01261,C0431,3/15/2023,2,Dissatisfied,4,Home Appliances,Not what I expected from the description.
FB00665,ORD01487,C0134,3/16/2023,5,Very Satisfied,9,Lifestyle Goods,Excellent product quality! Highly recommend.
FB00316,ORD02380,C0158,3/17/2023,5,Very Satisfied,10,Electronics,Will definitely buy again.
FB00579,ORD00872,C0296,3/17/2023,4,Satisfied,8,Electronics,"Product is fine, delivery was on time."
FB00065,ORD00105,C0246,3/17/2023,3,Neutral,6,Lifestyle Goods,"Average quality, expected more."
FB00557,ORD01933,C0111,3/17/2023,4,Satisfied,8,Lifestyle Goods,Happy with the quality.
FB00032,ORD00127,C0047,3/17/2023,4,Satisfied,7,Lifestyle Goods,Happy with the quality.
FB00491,ORD01224,C0176,3/19/2023,4,Satisfied,9,Electronics,"Good product, works as expected."
FB00609,ORD01782,C0118,3/19/2023,5,Very Satisfied,9,Home Appliances,Great value for money.
FB00918,ORD01651,C0028,3/20/2023,5,Very Satisfied,10,Electronics,Best purchase I have made this year!
FB00820,ORD01873,C0196,3/20/2023,4,Satisfied,8,Lifestyle Goods,Happy with the quality.
FB00068,ORD01834,C0135,3/21/2023,4,Satisfied,9,Electronics,"Good product, works as expected."
FB00556,ORD01412,C0422,3/21/2023,4,Satisfied,7,Electronics,"Product is fine, delivery was on time."
FB00833,ORD00820,C0420,3/22/2023,4,Satisfied,9,Lifestyle Goods,"Product is fine, delivery was on time."
FB00056,ORD00385,C0232,3/22/2023,4,Satisfied,9,Electronics,Happy with the quality.
FB00305,ORD02097,C0007,3/23/2023,4,Satisfied,7,Lifestyle Goods,"Good product, works as expected."
FB00122,ORD01648,C0383,3/23/2023,2,Dissatisfied,3,Lifestyle Goods,Delivery was delayed.
FB00900,ORD01952,C0041,3/24/2023,4,Satisfied,8,Electronics,"Good product, works as expected."
FB00891,ORD00706,C0484,3/24/2023,4,Satisfied,8,Lifestyle Goods,Happy with the quality.
FB00810,ORD02010,C0094,3/24/2023,4,Satisfied,7,Electronics,Happy with the quality.
FB00012,ORD02099,C0240,3/25/2023,5,Very Satisfied,10,Lifestyle Goods,Product exceeded my expectations.
FB00936,ORD00008,C0227,3/26/2023,4,Satisfied,7,Home Appliances,Meets my needs perfectly.
FB00165,ORD00527,C0178,3/26/2023,3,Neutral,7,Lifestyle Goods,"Product is okay, nothing special."
FB00333,ORD01746,C0265,3/26/2023,4,Satisfied,7,Electronics,"Product is fine, delivery was on time."
FB00093,ORD01017,C0009,3/27/2023,4,Satisfied,7,Home Appliances,"Good product, works as expected."
FB00280,ORD02004,C0217,3/28/2023,3,Neutral,5,Lifestyle Goods,"Product is okay, nothing special."
FB00148,ORD00181,C0204,3/29/2023,4,Satisfied,9,Lifestyle Goods,Meets my needs perfectly.
FB00237,ORD01094,C0298,3/29/2023,4,Satisfied,9,Electronics,Meets my needs perfectly.
FB00538,ORD00405,C0065,3/30/2023,5,Very Satisfied,9,Home Appliances,Product exceeded my expectations.
FB00422,ORD00417,C0129,3/30/2023,4,Satisfied,7,Electronics,"Good product, works as expected."
FB00130,ORD00351,C0373,3/30/2023,3,Neutral,7,Home Appliances,"Product is okay, nothing special."
FB00639,ORD00751,C0154,3/31/2023,2,Dissatisfied,4,Electronics,Not what I expected from the description.
FB00317,ORD00374,C0294,4/1/2023,4,Satisfied,7,Electronics,Meets my needs perfectly.
FB00088,ORD01803,C0146,4/1/2023,3,Neutral,5,Home Appliances,No complaints but not impressed either.
FB00916,ORD01146,C0144,4/1/2023,3,Neutral,5,Home Appliances,"Product is okay, nothing special."
FB00734,ORD00832,C0056,4/2/2023,4,Satisfied,7,Lifestyle Goods,Meets my needs perfectly.
FB00247,ORD01066,C0293,4/2/2023,3,Neutral,7,Home Appliances,No complaints but not impressed either.
FB00845,ORD00999,C0128,4/2/2023,5,Very Satisfied,10,Home Appliances,Will definitely buy again.
FB00212,ORD00664,C0473,4/3/2023,2,Dissatisfied,3,Home Appliances,Had some issues with the product.
FB00949,ORD00786,C0372,4/4/2023,5,Very Satisfied,10,Lifestyle Goods,Fast delivery and great customer service.
FB00345,ORD01241,C0151,4/5/2023,4,Satisfied,9,Lifestyle Goods,Meets my needs perfectly.
FB00513,ORD02498,C0112,4/5/2023,5,Very Satisfied,10,Lifestyle Goods,Great value for money.
FB00131,ORD00163,C0140,4/6/2023,4,Satisfied,8,Home Appliances,Meets my needs perfectly.
FB00121,ORD00191,C0224,4/6/2023,2,Dissatisfied,5,Lifestyle Goods,Had some issues with the product.
FB00652,ORD01133,C0464,4/6/2023,5,Very Satisfied,10,Lifestyle Goods,Fast delivery and great customer service.
FB00625,ORD02052,C0128,4/6/2023,5,Very Satisfied,10,Electronics,Product exceeded my expectations.
FB00989,ORD00768,C0396,4/9/2023,3,Neutral,7,Home Appliances,"Product is okay, nothing special."
FB00541,ORD00252,C0331,4/9/2023,3,Neutral,5,Lifestyle Goods,It works but could be better.
FB00063,ORD01227,C0174,4/9/2023,4,Satisfied,9,Home Appliances,Happy with the quality.
FB00870,ORD00568,C0206,4/9/2023,5,Very Satisfied,10,Lifestyle Goods,Product exceeded my expectations.
FB00597,ORD01207,C0421,4/9/2023,2,Dissatisfied,4,Lifestyle Goods,Had some issues with the product.
FB00791,ORD01664,C0145,4/10/2023,5,Very Satisfied,9,Lifestyle Goods,Excellent product quality! Highly recommend.
FB00525,ORD02342,C0026,4/11/2023,2,Dissatisfied,4,Electronics,Customer service was slow to respond.
FB00454,ORD01175,C0029,4/11/2023,4,Satisfied,8,Electronics,Satisfied with the purchase.
FB00509,ORD02172,C0205,4/11/2023,5,Very Satisfied,10,Home Appliances,Fast delivery and great customer service.
FB00482,ORD01470,C0191,4/12/2023,4,Satisfied,9,Lifestyle Goods,"Product is fine, delivery was on time."
FB00721,ORD02087,C0268,4/12/2023,5,Very Satisfied,9,Lifestyle Goods,Excellent product quality! Highly recommend.
FB00808,ORD00993,C0460,4/12/2023,4,Satisfied,9,Electronics,"Product is fine, delivery was on time."
FB00612,ORD00545,C0334,4/12/2023,5,Very Satisfied,9,Home Appliances,Excellent product quality! Highly recommend.
FB00745,ORD01090,C0023,4/12/2023,4,Satisfied,7,Lifestyle Goods,"Good product, works as expected."
FB00616,ORD00919,C0225,4/12/2023,4,Satisfied,7,Lifestyle Goods,Satisfied with the purchase.
FB00700,ORD01988,C0227,4/13/2023,3,Neutral,6,Electronics,"Average quality, expected more."
FB00694,ORD01494,C0222,4/13/2023,5,Very Satisfied,10,Lifestyle Goods,Great value for money.
FB00945,ORD00775,C0003,4/13/2023,4,Satisfied,9,Electronics,Happy with the quality.
FB00699,ORD00945,C0207,4/15/2023,5,Very Satisfied,9,Home Appliances,Product exceeded my expectations.
FB00202,ORD02144,C0293,4/15/2023,4,Satisfied,8,Home Appliances,Meets my needs perfectly.
FB00899,ORD02458,C0417,4/15/2023,4,Satisfied,9,Lifestyle Goods,Satisfied with the purchase.
FB00826,ORD00933,C0070,4/15/2023,5,Very Satisfied,10,Lifestyle Goods,Will definitely buy again.
FB00568,ORD02034,C0267,4/15/2023,4,Satisfied,8,Lifestyle Goods,"Product is fine, delivery was on time."
FB00462,ORD01854,C0282,4/16/2023,4,Satisfied,9,Electronics,Happy with the quality.
FB00278,ORD00840,C0133,4/18/2023,4,Satisfied,7,Electronics,Satisfied with the purchase.
FB00975,ORD01441,C0262,4/19/2023,4,Satisfied,7,Lifestyle Goods,Satisfied with the purchase.
FB00744,ORD00129,C0382,4/19/2023,5,Very Satisfied,10,Lifestyle Goods,Best purchase I have made this year!
FB00281,ORD01932,C0354,4/20/2023,5,Very Satisfied,9,Electronics,Fast delivery and great customer service.
FB00767,ORD00569,C0095,4/21/2023,5,Very Satisfied,10,Electronics,Best purchase I have made this year!
FB00430,ORD02475,C0167,4/21/2023,4,Satisfied,9,Home Appliances,"Good product, works as expected."
FB00182,ORD01232,C0170,4/21/2023,3,Neutral,6,Electronics,Decent product for the price.
FB00686,ORD00260,C0260,4/21/2023,1,Very Dissatisfied,1,Lifestyle Goods,"Waste of money, would not recommend."
FB00998,ORD00116,C0407,4/22/2023,5,Very Satisfied,9,Lifestyle Goods,Excellent product quality! Highly recommend.
FB00255,ORD02217,C0463,4/24/2023,4,Satisfied,8,Home Appliances,Happy with the quality.
FB00411,ORD00306,C0398,4/25/2023,1,Very Dissatisfied,2,Electronics,Very disappointed with the quality.
FB00740,ORD01706,C0090,4/25/2023,5,Very Satisfied,9,Lifestyle Goods,Will definitely buy again.
FB00983,ORD00141,C0180,4/26/2023,5,Very Satisfied,9,Lifestyle Goods,Great value for money.
FB00477,ORD00138,C0296,4/26/2023,4,Satisfied,9,Home Appliances,Happy with the quality.
FB00619,ORD00091,C0339,4/26/2023,4,Satisfied,8,Lifestyle Goods,Meets my needs perfectly.
FB00508,ORD02214,C0010,4/26/2023,5,Very Satisfied,9,Electronics,Great value for money.
FB00304,ORD00462,C0221,4/27/2023,5,Very Satisfied,10,Electronics,Fast delivery and great customer service.
FB00788,ORD00631,C0017,4/28/2023,5,Very Satisfied,9,Lifestyle Goods,Great value for money.
FB00564,ORD01055,C0458,4/28/2023,4,Satisfied,8,Home Appliances,"Good product, works as expected."
FB00695,ORD01537,C0388,4/28/2023,4,Satisfied,9,Home Appliances,"Good product, works as expected."
FB00799,ORD02117,C0086,5/1/2023,2,Dissatisfied,3,Lifestyle Goods,Had some issues with the product.
FB00569,ORD02373,C0378,5/2/2023,4,Satisfied,8,Lifestyle Goods,Happy with the quality.
FB00262,ORD00471,C0066,5/5/2023,5,Very Satisfied,10,Electronics,Will definitely buy again.
FB00275,ORD01443,C0402,5/5/2023,4,Satisfied,8,Electronics,Happy with the quality.
FB00272,ORD00879,C0179,5/6/2023,5,Very Satisfied,10,Home Appliances,Great value for money.
FB00727,ORD01046,C0395,5/8/2023,4,Satisfied,9,Lifestyle Goods,Happy with the quality.
FB00890,ORD00920,C0398,5/8/2023,4,Satisfied,8,Lifestyle Goods,Satisfied with the purchase.
FB00648,ORD01464,C0049,5/9/2023,5,Very Satisfied,10,Lifestyle Goods,Product exceeded my expectations.
FB00815,ORD01036,C0233,5/9/2023,4,Satisfied,7,Home Appliances,"Good product, works as expected."
FB00603,ORD02470,C0180,5/10/2023,4,Satisfied,8,Home Appliances,Happy with the quality.
FB00857,ORD00676,C0383,5/11/2023,4,Satisfied,8,Lifestyle Goods,Happy with the quality.
FB00207,ORD01044,C0384,5/14/2023,3,Neutral,5,Lifestyle Goods,Decent product for the price.
FB00019,ORD01424,C0188,5/14/2023,4,Satisfied,9,Lifestyle Goods,"Product is fine, delivery was on time."
FB00958,ORD01534,C0477,5/15/2023,4,Satisfied,7,Lifestyle Goods,Satisfied with the purchase.
FB00738,ORD00246,C0305,5/16/2023,1,Very Dissatisfied,2,Lifestyle Goods,"Waste of money, would not recommend."
FB00797,ORD02155,C0446,5/18/2023,5,Very Satisfied,9,Lifestyle Goods,Fast delivery and great customer service.
FB00341,ORD00400,C0314,5/18/2023,3,Neutral,5,Lifestyle Goods,Decent product for the price.
FB00470,ORD00936,C0360,5/18/2023,5,Very Satisfied,10,Lifestyle Goods,Excellent product quality! Highly recommend.
FB00719,ORD00624,C0373,5/19/2023,3,Neutral,7,Electronics,No complaints but not impressed either.
FB00955,ORD01316,C0400,5/20/2023,5,Very Satisfied,10,Lifestyle Goods,Will definitely buy again.
FB00347,ORD01273,C0022,5/20/2023,3,Neutral,7,Home Appliances,"Average quality, expected more."
FB00051,ORD01974,C0270,5/20/2023,4,Satisfied,8,Lifestyle Goods,Satisfied with the purchase.
FB00358,ORD00334,C0033,5/21/2023,4,Satisfied,7,Lifestyle Goods,"Product is fine, delivery was on time."
FB00320,ORD01549,C0054,5/22/2023,1,Very Dissatisfied,2,Home Appliances,Product arrived damaged.
FB00629,ORD00937,C0128,5/23/2023,4,Satisfied,9,Electronics,Satisfied with the purchase.
FB00933,ORD00532,C0056,5/23/2023,4,Satisfied,8,Home Appliances,Happy with the quality.
FB00878,ORD01556,C0071,5/25/2023,3,Neutral,7,Home Appliances,"Product is okay, nothing special."
FB00574,ORD01013,C0199,5/25/2023,5,Very Satisfied,9,Lifestyle Goods,Fast delivery and great customer service.
FB00959,ORD01339,C0332,5/25/2023,4,Satisfied,8,Electronics,Meets my needs perfectly.
FB00921,ORD01902,C0028,5/25/2023,5,Very Satisfied,9,Home Appliances,Great value for money.
FB00417,ORD00985,C0329,5/26/2023,4,Satisfied,7,Lifestyle Goods,Satisfied with the purchase.
FB00376,ORD01668,C0383,5/26/2023,1,Very Dissatisfied,3,Home Appliances,Does not work as advertised.
FB00334,ORD01147,C0215,5/26/2023,4,Satisfied,8,Electronics,Meets my needs perfectly.
FB00011,ORD00941,C0296,5/27/2023,5,Very Satisfied,9,Lifestyle Goods,Will definitely buy again.
FB00746,ORD00035,C0403,5/27/2023,5,Very Satisfied,9,Home Appliances,Will definitely buy again.
FB00082,ORD01822,C0438,5/27/2023,5,Very Satisfied,9,Lifestyle Goods,Best purchase I have made this year!
FB00516,ORD02174,C0391,5/28/2023,3,Neutral,7,Electronics,It works but could be better.
FB00855,ORD00805,C0154,5/28/2023,1,Very Dissatisfied,1,Home Appliances,Very disappointed with the quality.
FB00505,ORD00755,C0405,5/28/2023,2,Dissatisfied,4,Lifestyle Goods,Had some issues with the product.
FB00437,ORD01542,C0494,5/29/2023,4,Satisfied,8,Home Appliances,"Product is fine, delivery was on time."
FB00136,ORD00032,C0047,5/29/2023,2,Dissatisfied,3,Lifestyle Goods,Had some issues with the product.
FB00164,ORD00258,C0080,5/29/2023,4,Satisfied,7,Electronics,Happy with the quality.
FB00126,ORD00790,C0138,5/30/2023,5,Very Satisfied,10,Electronics,Great value for money.
FB00183,ORD01670,C0153,5/31/2023,2,Dissatisfied,5,Lifestyle Goods,Delivery was delayed.
FB00329,ORD00984,C0196,5/31/2023,4,Satisfied,9,Lifestyle Goods,Happy with the quality.
FB00151,ORD00887,C0262,6/1/2023,4,Satisfied,7,Home Appliances,"Good product, works as expected."
FB00070,ORD01417,C0176,6/1/2023,3,Neutral,7,Lifestyle Goods,"Average quality, expected more."
FB00882,ORD00822,C0325,6/2/2023,3,Neutral,6,Electronics,Decent product for the price.
FB00913,ORD00525,C0149,6/2/2023,3,Neutral,5,Electronics,It works but could be better.
FB00107,ORD01673,C0064,6/2/2023,4,Satisfied,9,Electronics,"Product is fine, delivery was on time."
FB00459,ORD00440,C0161,6/3/2023,1,Very Dissatisfied,3,Lifestyle Goods,Product arrived damaged.
FB00517,ORD00645,C0339,6/3/2023,5,Very Satisfied,10,Home Appliances,Will definitely buy again.
FB00769,ORD00994,C0386,6/5/2023,5,Very Satisfied,10,Electronics,Will definitely buy again.
FB00313,ORD02026,C0029,6/5/2023,4,Satisfied,9,Electronics,"Product is fine, delivery was on time."
FB00485,ORD00479,C0311,6/8/2023,3,Neutral,6,Lifestyle Goods,No complaints but not impressed either.
FB00234,ORD01026,C0143,6/9/2023,3,Neutral,7,Electronics,No complaints but not impressed either.
FB00189,ORD00089,C0067,6/9/2023,2,Dissatisfied,3,Home Appliances,Not what I expected from the description.
FB00825,ORD00067,C0454,6/10/2023,3,Neutral,6,Home Appliances,"Product is okay, nothing special."
FB00587,ORD00110,C0034,6/11/2023,4,Satisfied,8,Electronics,Happy with the quality.
FB00140,ORD00297,C0071,6/11/2023,5,Very Satisfied,10,Electronics,Best purchase I have made this year!
FB00178,ORD01832,C0242,6/11/2023,3,Neutral,6,Lifestyle Goods,"Average quality, expected more."
FB00494,ORD02120,C0274,6/12/2023,3,Neutral,6,Home Appliances,Decent product for the price.
FB00198,ORD01970,C0044,6/12/2023,5,Very Satisfied,10,Lifestyle Goods,Fast delivery and great customer service.
FB00220,ORD01990,C0156,6/13/2023,3,Neutral,6,Electronics,It works but could be better.
FB00185,ORD00502,C0212,6/13/2023,1,Very Dissatisfied,3,Lifestyle Goods,"Waste of money, would not recommend."
FB00846,ORD02020,C0008,6/14/2023,3,Neutral,7,Home Appliances,"Average quality, expected more."
FB00802,ORD00304,C0281,6/15/2023,2,Dissatisfied,4,Lifestyle Goods,Had some issues with the product.
FB00787,ORD01455,C0487,6/15/2023,5,Very Satisfied,10,Electronics,Best purchase I have made this year!
FB00352,ORD01925,C0243,6/15/2023,4,Satisfied,9,Lifestyle Goods,Meets my needs perfectly.
FB00030,ORD00773,C0379,6/16/2023,2,Dissatisfied,4,Home Appliances,Had some issues with the product.
FB00718,ORD00824,C0367,6/17/2023,4,Satisfied,8,Home Appliances,Meets my needs perfectly.
FB00382,ORD01849,C0045,6/17/2023,4,Satisfied,8,Electronics,Meets my needs perfectly.
FB00009,ORD01756,C0096,6/17/2023,4,Satisfied,8,Electronics,Satisfied with the purchase.
FB00659,ORD00961,C0226,6/19/2023,2,Dissatisfied,4,Home Appliances,Product quality could be better.
FB00458,ORD01314,C0034,6/19/2023,4,Satisfied,7,Electronics,Happy with the quality.
FB00860,ORD01830,C0200,6/21/2023,4,Satisfied,9,Lifestyle Goods,Meets my needs perfectly.
FB00071,ORD01608,C0021,6/21/2023,5,Very Satisfied,10,Electronics,Best purchase I have made this year!
FB00105,ORD01333,C0438,6/21/2023,2,Dissatisfied,3,Home Appliances,Not what I expected from the description.
FB00671,ORD00372,C0348,6/21/2023,4,Satisfied,7,Home Appliances,"Product is fine, delivery was on time."
FB00960,ORD00450,C0417,6/22/2023,5,Very Satisfied,10,Home Appliances,Excellent product quality! Highly recommend.
FB00843,ORD01667,C0274,6/22/2023,2,Dissatisfied,5,Electronics,Customer service was slow to respond.
FB00816,ORD01728,C0092,6/25/2023,2,Dissatisfied,5,Home Appliances,Customer service was slow to respond.
FB00511,ORD01054,C0131,6/25/2023,2,Dissatisfied,5,Lifestyle Goods,Customer service was slow to respond.
FB00774,ORD01949,C0328,6/26/2023,3,Neutral,6,Lifestyle Goods,"Average quality, expected more."
FB00407,ORD00509,C0236,6/29/2023,4,Satisfied,7,Lifestyle Goods,"Product is fine, delivery was on time."
FB00784,ORD02318,C0445,6/29/2023,4,Satisfied,7,Electronics,Happy with the quality.
FB00976,ORD01397,C0296,6/29/2023,4,Satisfied,9,Lifestyle Goods,"Good product, works as expected."
FB00920,ORD01174,C0252,6/30/2023,4,Satisfied,7,Electronics,Satisfied with the purchase.
FB00069,ORD00548,C0214,7/1/2023,2,Dissatisfied,4,Lifestyle Goods,Delivery was delayed.
FB00982,ORD01906,C0235,7/1/2023,4,Satisfied,9,Electronics,"Good product, works as expected."
FB00199,ORD01197,C0374,7/2/2023,3,Neutral,7,Electronics,"Product is okay, nothing special."
FB00997,ORD01461,C0448,7/2/2023,4,Satisfied,8,Electronics,"Product is fine, delivery was on time."
FB00153,ORD00929,C0166,7/3/2023,2,Dissatisfied,4,Lifestyle Goods,Customer service was slow to respond.
FB00092,ORD01548,C0375,7/3/2023,5,Very Satisfied,9,Lifestyle Goods,Great value for money.
FB00605,ORD00422,C0304,7/3/2023,4,Satisfied,9,Home Appliances,Happy with the quality.
FB00814,ORD01698,C0003,7/3/2023,5,Very Satisfied,9,Home Appliances,Will definitely buy again.
FB00696,ORD01476,C0058,7/3/2023,4,Satisfied,8,Electronics,"Product is fine, delivery was on time."
FB00173,ORD01787,C0244,7/4/2023,2,Dissatisfied,4,Lifestyle Goods,Had some issues with the product.
FB00653,ORD01682,C0344,7/6/2023,4,Satisfied,7,Lifestyle Goods,Satisfied with the purchase.
FB00821,ORD02443,C0037,7/7/2023,4,Satisfied,7,Electronics,Meets my needs perfectly.
FB00925,ORD01882,C0244,7/8/2023,4,Satisfied,7,Home Appliances,Meets my needs perfectly.
FB00676,ORD01615,C0267,7/9/2023,5,Very Satisfied,10,Electronics,Will definitely buy again.
FB00498,ORD02369,C0453,7/10/2023,1,Very Dissatisfied,1,Home Appliances,"Waste of money, would not recommend."
FB00613,ORD02385,C0100,7/11/2023,3,Neutral,5,Home Appliances,No complaints but not impressed either.
FB00149,ORD01601,C0493,7/12/2023,4,Satisfied,7,Electronics,"Product is fine, delivery was on time."
FB00163,ORD00890,C0250,7/12/2023,3,Neutral,7,Lifestyle Goods,"Product is okay, nothing special."
FB00514,ORD01377,C0485,7/14/2023,5,Very Satisfied,10,Lifestyle Goods,Fast delivery and great customer service.
FB00831,ORD00808,C0494,7/14/2023,5,Very Satisfied,10,Home Appliances,Will definitely buy again.
FB00768,ORD00615,C0394,7/14/2023,3,Neutral,5,Electronics,"Average quality, expected more."
FB00180,ORD01999,C0211,7/14/2023,4,Satisfied,7,Lifestyle Goods,Satisfied with the purchase.
FB00947,ORD00747,C0476,7/15/2023,2,Dissatisfied,4,Lifestyle Goods,Product quality could be better.
FB00824,ORD01920,C0293,7/17/2023,5,Very Satisfied,10,Electronics,Fast delivery and great customer service.
FB00110,ORD01373,C0151,7/18/2023,5,Very Satisfied,10,Electronics,Excellent product quality! Highly recommend.
FB00827,ORD00410,C0394,7/18/2023,3,Neutral,7,Electronics,"Average quality, expected more."
FB00339,ORD00266,C0426,7/19/2023,4,Satisfied,7,Lifestyle Goods,Happy with the quality.
FB00703,ORD00342,C0147,7/20/2023,4,Satisfied,7,Home Appliances,Meets my needs perfectly.
FB00539,ORD02258,C0055,7/20/2023,4,Satisfied,8,Electronics,Happy with the quality.
FB00395,ORD02259,C0014,7/21/2023,5,Very Satisfied,9,Lifestyle Goods,Product exceeded my expectations.
FB00321,ORD00666,C0027,7/21/2023,4,Satisfied,8,Electronics,"Good product, works as expected."
FB00138,ORD01805,C0003,7/22/2023,5,Very Satisfied,9,Lifestyle Goods,Excellent product quality! Highly recommend.
FB00197,ORD01172,C0429,7/23/2023,3,Neutral,5,Lifestyle Goods,Decent product for the price.
FB00235,ORD02433,C0147,7/24/2023,4,Satisfied,7,Electronics,"Good product, works as expected."
FB00601,ORD01445,C0399,7/26/2023,4,Satisfied,7,Electronics,Meets my needs perfectly.
FB00381,ORD00807,C0246,7/28/2023,4,Satisfied,7,Home Appliances,Happy with the quality.
FB00419,ORD01692,C0163,7/30/2023,5,Very Satisfied,9,Home Appliances,Excellent product quality! Highly recommend.
FB00188,ORD01131,C0463,7/30/2023,3,Neutral,7,Lifestyle Goods,No complaints but not impressed either.
FB00692,ORD01710,C0135,7/30/2023,3,Neutral,6,Lifestyle Goods,"Average quality, expected more."
FB00323,ORD02244,C0442,7/31/2023,4,Satisfied,9,Electronics,Happy with the quality.
FB00663,ORD02371,C0001,8/1/2023,4,Satisfied,7,Electronics,Satisfied with the purchase.
FB00930,ORD01889,C0118,8/2/2023,4,Satisfied,9,Electronics,Satisfied with the purchase.
FB00763,ORD01004,C0266,8/3/2023,3,Neutral,7,Home Appliances,No complaints but not impressed either.
FB00452,ORD02374,C0410,8/4/2023,5,Very Satisfied,10,Home Appliances,Best purchase I have made this year!
FB00006,ORD00503,C0211,8/4/2023,5,Very Satisfied,10,Home Appliances,Will definitely buy again.
FB00566,ORD01887,C0121,8/4/2023,4,Satisfied,8,Lifestyle Goods,Satisfied with the purchase.
FB00015,ORD02274,C0034,8/4/2023,4,Satisfied,9,Electronics,Meets my needs perfectly.
FB00421,ORD00384,C0063,8/5/2023,5,Very Satisfied,10,Electronics,Great value for money.
FB00426,ORD00337,C0454,8/6/2023,3,Neutral,5,Electronics,It works but could be better.
FB00342,ORD02337,C0026,8/7/2023,4,Satisfied,9,Electronics,"Good product, works as expected."
FB00776,ORD01310,C0468,8/11/2023,3,Neutral,5,Lifestyle Goods,It works but could be better.
FB00979,ORD01109,C0232,8/12/2023,5,Very Satisfied,9,Electronics,Will definitely buy again.
FB00804,ORD01336,C0138,8/13/2023,4,Satisfied,7,Lifestyle Goods,Happy with the quality.
FB00468,ORD02021,C0176,8/13/2023,2,Dissatisfied,4,Home Appliances,Had some issues with the product.
FB00822,ORD02098,C0336,8/13/2023,4,Satisfied,8,Home Appliances,Satisfied with the purchase.
FB00896,ORD02432,C0165,8/14/2023,5,Very Satisfied,9,Electronics,Great value for money.
FB00053,ORD00711,C0259,8/17/2023,4,Satisfied,9,Home Appliances,Happy with the quality.
FB00022,ORD00584,C0113,8/17/2023,5,Very Satisfied,9,Electronics,Will definitely buy again.
FB00701,ORD00139,C0080,8/17/2023,4,Satisfied,9,Lifestyle Goods,Satisfied with the purchase.
FB00291,ORD01619,C0340,8/17/2023,2,Dissatisfied,4,Home Appliances,Customer service was slow to respond.
FB00811,ORD01491,C0490,8/20/2023,5,Very Satisfied,9,Lifestyle Goods,Product exceeded my expectations.
FB00423,ORD00079,C0329,8/20/2023,2,Dissatisfied,3,Lifestyle Goods,Not what I expected from the description.
FB00602,ORD01194,C0341,8/20/2023,4,Satisfied,8,Home Appliances,Meets my needs perfectly.
FB00562,ORD00382,C0314,8/22/2023,4,Satisfied,8,Electronics,Happy with the quality.
FB00645,ORD01748,C0265,8/23/2023,3,Neutral,5,Home Appliances,"Product is okay, nothing special."
FB00991,ORD01754,C0040,8/26/2023,5,Very Satisfied,10,Home Appliances,Will definitely buy again.
FB00399,ORD00121,C0212,8/26/2023,4,Satisfied,7,Home Appliances,Satisfied with the purchase.
FB00894,ORD00101,C0485,8/27/2023,4,Satisfied,7,Home Appliances,"Good product, works as expected."
FB00302,ORD00546,C0274,8/27/2023,4,Satisfied,7,Lifestyle Goods,"Product is fine, delivery was on time."
FB00646,ORD00516,C0483,8/27/2023,4,Satisfied,7,Electronics,"Product is fine, delivery was on time."
FB00095,ORD01305,C0069,8/31/2023,3,Neutral,5,Electronics,"Product is okay, nothing special."
FB00649,ORD00086,C0169,9/2/2023,4,Satisfied,9,Lifestyle Goods,Meets my needs perfectly.
FB00588,ORD00053,C0242,9/3/2023,1,Very Dissatisfied,3,Electronics,"Waste of money, would not recommend."
FB00758,ORD00179,C0257,9/4/2023,4,Satisfied,9,Home Appliances,"Product is fine, delivery was on time."
FB00836,ORD02238,C0294,9/5/2023,3,Neutral,7,Electronics,It works but could be better.
FB00245,ORD01091,C0460,9/6/2023,5,Very Satisfied,10,Lifestyle Goods,Product exceeded my expectations.
FB00558,ORD01265,C0244,9/6/2023,2,Dissatisfied,5,Electronics,Delivery was delayed.
FB00355,ORD00457,C0111,9/6/2023,5,Very Satisfied,10,Home Appliances,Will definitely buy again.
FB00839,ORD01888,C0447,9/7/2023,3,Neutral,7,Electronics,Decent product for the price.
FB00965,ORD00741,C0109,9/7/2023,3,Neutral,5,Lifestyle Goods,"Product is okay, nothing special."
FB00522,ORD00082,C0065,9/8/2023,3,Neutral,5,Lifestyle Goods,No complaints but not impressed either.
FB00710,ORD01034,C0030,9/9/2023,5,Very Satisfied,10,Electronics,Excellent product quality! Highly recommend.
FB00319,ORD01359,C0461,9/9/2023,4,Satisfied,7,Electronics,"Good product, works as expected."
FB00672,ORD02334,C0452,9/9/2023,5,Very Satisfied,9,Home Appliances,Excellent product quality! Highly recommend.
FB00792,ORD00724,C0099,9/10/2023,4,Satisfied,7,Home Appliances,Satisfied with the purchase.
FB00045,ORD01099,C0150,9/11/2023,4,Satisfied,9,Electronics,Happy with the quality.
FB00621,ORD00202,C0053,9/11/2023,2,Dissatisfied,4,Electronics,Delivery was delayed.
FB00575,ORD01626,C0464,9/11/2023,2,Dissatisfied,4,Lifestyle Goods,Product quality could be better.
FB00193,ORD01962,C0339,9/12/2023,5,Very Satisfied,10,Electronics,Great value for money.
FB00589,ORD01972,C0378,9/12/2023,3,Neutral,7,Electronics,"Product is okay, nothing special."
FB00361,ORD01008,C0254,9/13/2023,2,Dissatisfied,4,Home Appliances,Had some issues with the product.
FB00318,ORD00590,C0349,9/14/2023,4,Satisfied,7,Lifestyle Goods,Happy with the quality.
FB00176,ORD01162,C0137,9/14/2023,4,Satisfied,7,Home Appliances,"Good product, works as expected."
FB00115,ORD00998,C0142,9/14/2023,3,Neutral,6,Lifestyle Goods,Decent product for the price.
FB00338,ORD02001,C0084,9/20/2023,3,Neutral,7,Lifestyle Goods,Decent product for the price.
FB00241,ORD00696,C0256,9/21/2023,5,Very Satisfied,9,Home Appliances,Will definitely buy again.
FB00246,ORD01080,C0078,9/21/2023,4,Satisfied,7,Electronics,Meets my needs perfectly.
FB00633,ORD01212,C0403,9/21/2023,4,Satisfied,7,Electronics,"Product is fine, delivery was on time."
FB00127,ORD00377,C0492,9/22/2023,4,Satisfied,7,Electronics,Meets my needs perfectly.
FB00750,ORD01579,C0075,9/22/2023,4,Satisfied,8,Lifestyle Goods,Happy with the quality.
FB00172,ORD02143,C0416,9/22/2023,4,Satisfied,8,Electronics,"Good product, works as expected."
FB00408,ORD01330,C0384,9/23/2023,4,Satisfied,9,Lifestyle Goods,"Good product, works as expected."
FB00177,ORD01938,C0177,9/23/2023,4,Satisfied,7,Electronics,Happy with the quality.
FB00521,ORD00629,C0236,9/24/2023,3,Neutral,7,Home Appliances,No complaints but not impressed either.
FB00480,ORD01606,C0003,9/24/2023,2,Dissatisfied,4,Home Appliances,Had some issues with the product.
FB00486,ORD00571,C0004,9/25/2023,4,Satisfied,7,Electronics,"Product is fine, delivery was on time."
FB00712,ORD01427,C0395,9/25/2023,3,Neutral,6,Home Appliances,It works but could be better.
FB00840,ORD02040,C0247,9/27/2023,5,Very Satisfied,10,Lifestyle Goods,Will definitely buy again.
FB00380,ORD01681,C0100,9/30/2023,5,Very Satisfied,10,Electronics,Fast delivery and great customer service.
FB00832,ORD01210,C0108,9/30/2023,2,Dissatisfied,3,Electronics,Product quality could be better.
FB00392,ORD00203,C0102,10/2/2023,4,Satisfied,8,Electronics,"Product is fine, delivery was on time."
FB00851,ORD01577,C0385,10/3/2023,3,Neutral,6,Lifestyle Goods,"Average quality, expected more."
FB00094,ORD00791,C0253,10/3/2023,4,Satisfied,7,Electronics,Meets my needs perfectly.
FB00680,ORD01734,C0190,10/3/2023,4,Satisfied,9,Electronics,"Product is fine, delivery was on time."
FB00720,ORD02180,C0398,10/6/2023,3,Neutral,6,Home Appliances,"Average quality, expected more."
FB00932,ORD01913,C0122,10/7/2023,2,Dissatisfied,4,Electronics,Had some issues with the product.
FB00527,ORD01554,C0204,10/9/2023,1,Very Dissatisfied,3,Home Appliances,"Terrible experience, seeking refund."
FB00205,ORD00463,C0373,10/11/2023,2,Dissatisfied,3,Home Appliances,Product quality could be better.
FB00643,ORD00906,C0116,10/11/2023,4,Satisfied,7,Home Appliances,"Product is fine, delivery was on time."
FB00116,ORD02437,C0059,10/11/2023,4,Satisfied,7,Electronics,Happy with the quality.
FB00835,ORD01045,C0376,10/12/2023,5,Very Satisfied,10,Lifestyle Goods,Excellent product quality! Highly recommend.
FB00548,ORD00763,C0402,10/14/2023,4,Satisfied,7,Home Appliances,"Product is fine, delivery was on time."
FB00862,ORD00935,C0444,10/14/2023,5,Very Satisfied,9,Lifestyle Goods,Great value for money.
FB00167,ORD00777,C0053,10/15/2023,4,Satisfied,9,Electronics,Meets my needs perfectly.
FB00682,ORD02441,C0073,10/15/2023,3,Neutral,7,Lifestyle Goods,Decent product for the price.
FB00448,ORD01469,C0450,10/15/2023,4,Satisfied,8,Lifestyle Goods,Happy with the quality.
FB00861,ORD00166,C0111,10/15/2023,2,Dissatisfied,5,Lifestyle Goods,Had some issues with the product.
FB00307,ORD02335,C0318,10/18/2023,4,Satisfied,7,Lifestyle Goods,Meets my needs perfectly.
FB00761,ORD02400,C0431,10/19/2023,3,Neutral,7,Electronics,Decent product for the price.
FB00026,ORD00419,C0065,10/22/2023,3,Neutral,7,Lifestyle Goods,Decent product for the price.
FB00628,ORD01396,C0108,10/22/2023,4,Satisfied,7,Lifestyle Goods,"Product is fine, delivery was on time."
FB00013,ORD00955,C0173,10/22/2023,5,Very Satisfied,9,Home Appliances,Best purchase I have made this year!
FB00487,ORD00461,C0275,10/22/2023,5,Very Satisfied,10,Electronics,Best purchase I have made this year!
FB00016,ORD00459,C0254,10/23/2023,5,Very Satisfied,10,Home Appliances,Best purchase I have made this year!
FB00236,ORD02379,C0131,10/24/2023,5,Very Satisfied,9,Lifestyle Goods,Will definitely buy again.
FB00837,ORD00143,C0294,10/24/2023,4,Satisfied,8,Electronics,Happy with the quality.
FB00268,ORD02131,C0306,10/25/2023,2,Dissatisfied,3,Electronics,Not what I expected from the description.
FB00154,ORD02232,C0116,10/26/2023,2,Dissatisfied,3,Electronics,Customer service was slow to respond.
FB00952,ORD01691,C0318,10/27/2023,4,Satisfied,9,Electronics,"Product is fine, delivery was on time."
FB00771,ORD02011,C0057,10/27/2023,2,Dissatisfied,3,Lifestyle Goods,Delivery was delayed.
FB00518,ORD00218,C0040,10/27/2023,4,Satisfied,9,Lifestyle Goods,Satisfied with the purchase.
FB00035,ORD00022,C0398,10/28/2023,4,Satisfied,8,Lifestyle Goods,Happy with the quality.
FB00908,ORD00907,C0087,10/30/2023,5,Very Satisfied,9,Lifestyle Goods,Excellent product quality! Highly recommend.
FB00524,ORD02294,C0237,10/31/2023,3,Neutral,5,Electronics,Decent product for the price.
FB00285,ORD01462,C0185,11/1/2023,3,Neutral,6,Lifestyle Goods,Decent product for the price.
FB00308,ORD02074,C0420,11/2/2023,4,Satisfied,9,Electronics,Happy with the quality.
FB00705,ORD01448,C0083,11/2/2023,4,Satisfied,8,Electronics,Satisfied with the purchase.
FB00249,ORD00641,C0120,11/7/2023,4,Satisfied,7,Lifestyle Goods,Meets my needs perfectly.
FB00667,ORD01722,C0069,11/7/2023,4,Satisfied,7,Home Appliances,Meets my needs perfectly.
FB00175,ORD02410,C0111,11/9/2023,4,Satisfied,9,Home Appliances,Meets my needs perfectly.
FB00702,ORD00882,C0471,11/10/2023,4,Satisfied,8,Home Appliances,Happy with the quality.
FB00817,ORD01371,C0433,11/11/2023,3,Neutral,6,Electronics,Decent product for the price.
FB00155,ORD01342,C0365,11/11/2023,3,Neutral,5,Lifestyle Goods,"Product is okay, nothing special."
FB00585,ORD01459,C0136,11/12/2023,4,Satisfied,7,Home Appliances,"Product is fine, delivery was on time."
FB00707,ORD00420,C0315,11/12/2023,5,Very Satisfied,10,Home Appliances,Great value for money.
FB00941,ORD00483,C0304,11/13/2023,5,Very Satisfied,10,Home Appliances,Product exceeded my expectations.
FB00284,ORD00171,C0024,11/15/2023,4,Satisfied,9,Electronics,Meets my needs perfectly.
FB00956,ORD00730,C0351,11/15/2023,4,Satisfied,7,Lifestyle Goods,"Good product, works as expected."
FB00474,ORD00655,C0193,11/16/2023,5,Very Satisfied,10,Electronics,Best purchase I have made this year!
FB00732,ORD00683,C0134,11/16/2023,3,Neutral,5,Home Appliances,"Product is okay, nothing special."
FB00617,ORD01352,C0351,11/16/2023,3,Neutral,5,Electronics,It works but could be better.
FB00708,ORD01705,C0250,11/18/2023,4,Satisfied,7,Home Appliances,"Good product, works as expected."
FB00996,ORD00150,C0472,11/19/2023,4,Satisfied,8,Home Appliances,"Good product, works as expected."
FB00108,ORD02106,C0040,11/20/2023,2,Dissatisfied,4,Electronics,Not what I expected from the description.
FB00551,ORD00774,C0185,11/23/2023,4,Satisfied,7,Electronics,Happy with the quality.
FB00528,ORD00124,C0341,11/23/2023,5,Very Satisfied,9,Electronics,Best purchase I have made this year!
FB00877,ORD01908,C0353,11/24/2023,3,Neutral,6,Electronics,"Average quality, expected more."
FB00818,ORD01247,C0402,11/24/2023,5,Very Satisfied,10,Home Appliances,Will definitely buy again.
FB00250,ORD00607,C0371,11/25/2023,2,Dissatisfied,3,Electronics,Not what I expected from the description.
FB00192,ORD02022,C0403,11/25/2023,4,Satisfied,7,Lifestyle Goods,"Good product, works as expected."
FB00978,ORD00809,C0150,11/26/2023,5,Very Satisfied,10,Lifestyle Goods,Great value for money.
FB00135,ORD01488,C0007,11/27/2023,1,Very Dissatisfied,2,Lifestyle Goods,Does not work as advertised.
FB00550,ORD02321,C0374,11/27/2023,4,Satisfied,8,Lifestyle Goods,Satisfied with the purchase.
FB00369,ORD01609,C0306,11/28/2023,4,Satisfied,7,Electronics,"Product is fine, delivery was on time."
FB00656,ORD01405,C0388,11/28/2023,4,Satisfied,8,Lifestyle Goods,Meets my needs perfectly.
FB00099,ORD01560,C0365,11/28/2023,3,Neutral,5,Lifestyle Goods,"Product is okay, nothing special."
FB00465,ORD01100,C0475,11/28/2023,5,Very Satisfied,10,Lifestyle Goods,Product exceeded my expectations.
FB00057,ORD00441,C0376,11/28/2023,4,Satisfied,7,Lifestyle Goods,Meets my needs perfectly.
FB00216,ORD00543,C0147,11/29/2023,5,Very Satisfied,9,Lifestyle Goods,Great value for money.
FB00340,ORD02037,C0082,11/29/2023,3,Neutral,7,Lifestyle Goods,"Average quality, expected more."
FB00028,ORD01614,C0270,11/29/2023,2,Dissatisfied,5,Electronics,Customer service was slow to respond.
FB00377,ORD00997,C0406,12/2/2023,4,Satisfied,9,Electronics,"Product is fine, delivery was on time."
FB00145,ORD00687,C0469,12/2/2023,5,Very Satisfied,9,Electronics,Best purchase I have made this year!
FB00277,ORD00388,C0342,12/2/2023,3,Neutral,5,Home Appliances,"Product is okay, nothing special."
FB00904,ORD01911,C0186,12/2/2023,4,Satisfied,8,Home Appliances,Happy with the quality.
FB00488,ORD01188,C0070,12/3/2023,4,Satisfied,8,Electronics,Meets my needs perfectly.
FB00805,ORD01929,C0403,12/3/2023,4,Satisfied,8,Home Appliances,Satisfied with the purchase.
FB00142,ORD01115,C0076,12/4/2023,4,Satisfied,8,Electronics,Meets my needs perfectly.
FB00200,ORD02125,C0312,12/4/2023,2,Dissatisfied,5,Electronics,Not what I expected from the description.
FB00911,ORD02162,C0258,12/4/2023,4,Satisfied,9,Lifestyle Goods,"Product is fine, delivery was on time."
FB00464,ORD00874,C0101,12/5/2023,3,Neutral,5,Home Appliances,Decent product for the price.
FB00627,ORD01298,C0354,12/7/2023,5,Very Satisfied,9,Electronics,Best purchase I have made this year!
FB00356,ORD01280,C0439,12/7/2023,5,Very Satisfied,10,Electronics,Fast delivery and great customer service.
FB00097,ORD00354,C0053,12/7/2023,2,Dissatisfied,3,Electronics,Not what I expected from the description.
FB00204,ORD01181,C0031,12/7/2023,4,Satisfied,7,Electronics,Satisfied with the purchase.
FB00553,ORD01064,C0128,12/7/2023,4,Satisfied,9,Home Appliances,Happy with the quality.
FB00647,ORD01102,C0163,12/8/2023,5,Very Satisfied,10,Home Appliances,Product exceeded my expectations.
FB00209,ORD00802,C0226,12/8/2023,4,Satisfied,8,Home Appliances,"Product is fine, delivery was on time."
FB00348,ORD01381,C0191,12/9/2023,5,Very Satisfied,9,Electronics,Best purchase I have made this year!
FB00003,ORD00188,C0088,12/9/2023,5,Very Satisfied,10,Lifestyle Goods,Great value for money.
FB00020,ORD00242,C0042,12/11/2023,2,Dissatisfied,4,Home Appliances,Not what I expected from the description.
FB00555,ORD00329,C0069,12/11/2023,5,Very Satisfied,9,Electronics,Great value for money.
FB00739,ORD00263,C0449,12/12/2023,3,Neutral,6,Lifestyle Goods,"Product is okay, nothing special."
FB00981,ORD01936,C0134,12/12/2023,3,Neutral,7,Home Appliances,"Product is okay, nothing special."
FB00208,ORD00055,C0469,12/12/2023,4,Satisfied,9,Home Appliances,"Product is fine, delivery was on time."
FB00344,ORD00698,C0132,12/13/2023,5,Very Satisfied,9,Lifestyle Goods,Best purchase I have made this year!
FB00074,ORD00560,C0084,12/15/2023,4,Satisfied,7,Lifestyle Goods,"Product is fine, delivery was on time."
FB00251,ORD02376,C0180,12/16/2023,4,Satisfied,9,Home Appliances,"Good product, works as expected."
FB00856,ORD02025,C0042,12/16/2023,4,Satisfied,8,Lifestyle Goods,Happy with the quality.
FB00076,ORD01863,C0485,12/16/2023,1,Very Dissatisfied,1,Electronics,Product arrived damaged.
FB00143,ORD01492,C0266,12/17/2023,2,Dissatisfied,5,Home Appliances,Delivery was delayed.
FB00433,ORD00800,C0431,12/18/2023,5,Very Satisfied,10,Home Appliances,Best purchase I have made this year!
FB00906,ORD00227,C0366,12/19/2023,2,Dissatisfied,5,Electronics,Had some issues with the product.
FB00274,ORD01504,C0497,12/19/2023,4,Satisfied,9,Electronics,Happy with the quality.
FB00146,ORD01620,C0185,12/19/2023,3,Neutral,5,Electronics,No complaints but not impressed either.
FB00577,ORD00673,C0156,12/21/2023,5,Very Satisfied,9,Lifestyle Goods,Fast delivery and great customer service.
FB00687,ORD01378,C0336,12/21/2023,4,Satisfied,8,Electronics,Satisfied with the purchase.
FB00002,ORD01950,C0216,12/21/2023,3,Neutral,6,Lifestyle Goods,It works but could be better.
FB00036,ORD01180,C0368,12/21/2023,3,Neutral,7,Electronics,"Product is okay, nothing special."
FB00698,ORD00256,C0486,12/23/2023,4,Satisfied,9,Lifestyle Goods,"Good product, works as expected."
FB00383,ORD00978,C0419,12/24/2023,1,Very Dissatisfied,2,Electronics,Product arrived damaged.
FB00964,ORD01750,C0250,12/26/2023,4,Satisfied,9,Lifestyle Goods,Meets my needs perfectly.
FB00620,ORD01526,C0182,12/26/2023,4,Satisfied,7,Lifestyle Goods,Satisfied with the purchase.
FB00014,ORD01390,C0210,12/27/2023,4,Satisfied,9,Home Appliances,Meets my needs perfectly.
FB00681,ORD01953,C0117,12/30/2023,4,Satisfied,7,Home Appliances,"Good product, works as expected."
FB00946,ORD00996,C0494,12/31/2023,5,Very Satisfied,9,Home Appliances,Excellent product quality! Highly recommend.
FB00429,ORD00330,C0280,1/1/2024,3,Neutral,7,Home Appliances,No complaints but not impressed either.
FB00673,ORD00858,C0332,1/1/2024,3,Neutral,6,Electronics,Decent product for the price.
FB00780,ORD00151,C0004,1/2/2024,2,Dissatisfied,4,Electronics,Product quality could be better.
FB00741,ORD01883,C0112,1/6/2024,3,Neutral,7,Lifestyle Goods,Decent product for the price.
FB00642,ORD01482,C0314,1/9/2024,5,Very Satisfied,10,Electronics,Best purchase I have made this year!
FB00865,ORD01958,C0383,1/9/2024,4,Satisfied,9,Home Appliances,Satisfied with the purchase.
FB00137,ORD01944,C0167,1/10/2024,4,Satisfied,8,Lifestyle Goods,Satisfied with the purchase.
FB00033,ORD01689,C0066,1/11/2024,5,Very Satisfied,9,Lifestyle Goods,Best purchase I have made this year!
FB00931,ORD02056,C0331,1/11/2024,4,Satisfied,9,Electronics,Satisfied with the purchase.
FB00243,ORD00394,C0261,1/11/2024,4,Satisfied,8,Electronics,Satisfied with the purchase.
FB00910,ORD00349,C0474,1/14/2024,4,Satisfied,7,Lifestyle Goods,"Good product, works as expected."
FB00716,ORD00158,C0160,1/15/2024,4,Satisfied,8,Lifestyle Goods,"Good product, works as expected."
FB00728,ORD00073,C0051,1/15/2024,2,Dissatisfied,5,Lifestyle Goods,Not what I expected from the description.
FB00985,ORD02096,C0114,1/15/2024,5,Very Satisfied,10,Home Appliances,Will definitely buy again.
FB00366,ORD00967,C0129,1/15/2024,4,Satisfied,7,Electronics,"Good product, works as expected."
FB00893,ORD00795,C0129,1/16/2024,5,Very Satisfied,10,Electronics,Excellent product quality! Highly recommend.
FB00066,ORD01152,C0246,1/16/2024,5,Very Satisfied,10,Home Appliances,Will definitely buy again.
FB00798,ORD00036,C0272,1/17/2024,4,Satisfied,8,Home Appliances,"Good product, works as expected."
FB00867,ORD01818,C0287,1/18/2024,4,Satisfied,9,Home Appliances,Happy with the quality.
FB00677,ORD01989,C0212,1/18/2024,4,Satisfied,9,Electronics,"Product is fine, delivery was on time."
FB00195,ORD00688,C0161,1/19/2024,4,Satisfied,9,Home Appliances,"Product is fine, delivery was on time."
FB00254,ORD00373,C0191,1/20/2024,1,Very Dissatisfied,1,Home Appliances,"Waste of money, would not recommend."
FB00919,ORD02409,C0232,1/21/2024,4,Satisfied,8,Lifestyle Goods,Meets my needs perfectly.
FB00368,ORD00125,C0489,1/22/2024,3,Neutral,7,Electronics,It works but could be better.
FB00823,ORD00983,C0452,1/24/2024,5,Very Satisfied,10,Electronics,Product exceeded my expectations.
FB00662,ORD00370,C0186,1/25/2024,4,Satisfied,7,Home Appliances,"Product is fine, delivery was on time."
FB00106,ORD00071,C0112,1/26/2024,3,Neutral,6,Home Appliances,"Product is okay, nothing special."
FB00794,ORD02412,C0402,1/27/2024,4,Satisfied,9,Electronics,"Good product, works as expected."
FB00350,ORD01077,C0303,1/27/2024,4,Satisfied,7,Home Appliances,"Product is fine, delivery was on time."
FB00540,ORD00943,C0232,1/27/2024,4,Satisfied,8,Electronics,"Good product, works as expected."
FB00658,ORD00712,C0031,1/27/2024,4,Satisfied,9,Home Appliances,Meets my needs perfectly.
FB00724,ORD02235,C0267,1/28/2024,4,Satisfied,7,Lifestyle Goods,Meets my needs perfectly.
FB00096,ORD01747,C0499,1/29/2024,4,Satisfied,9,Lifestyle Goods,"Product is fine, delivery was on time."
FB00872,ORD00523,C0459,1/30/2024,2,Dissatisfied,3,Home Appliances,Not what I expected from the description.
FB00296,ORD01093,C0235,1/30/2024,5,Very Satisfied,10,Lifestyle Goods,Excellent product quality! Highly recommend.
FB00987,ORD01630,C0469,1/31/2024,4,Satisfied,9,Lifestyle Goods,Happy with the quality.
FB00337,ORD01924,C0101,1/31/2024,3,Neutral,6,Electronics,"Average quality, expected more."
FB00439,ORD01783,C0068,2/1/2024,2,Dissatisfied,5,Electronics,Had some issues with the product.
FB00113,ORD00695,C0292,2/1/2024,5,Very Satisfied,9,Lifestyle Goods,Excellent product quality! Highly recommend.
FB00735,ORD00899,C0494,2/1/2024,3,Neutral,7,Home Appliances,"Average quality, expected more."
FB00530,ORD01404,C0487,2/1/2024,5,Very Satisfied,10,Electronics,Best purchase I have made this year!
FB00572,ORD02351,C0420,2/2/2024,1,Very Dissatisfied,2,Electronics,"Waste of money, would not recommend."
FB00058,ORD01497,C0077,2/2/2024,4,Satisfied,7,Lifestyle Goods,Happy with the quality.
FB00044,ORD00178,C0273,2/2/2024,3,Neutral,5,Lifestyle Goods,"Product is okay, nothing special."
FB00327,ORD00497,C0076,2/3/2024,5,Very Satisfied,9,Lifestyle Goods,Best purchase I have made this year!
FB00859,ORD02496,C0168,2/3/2024,5,Very Satisfied,10,Home Appliances,Best purchase I have made this year!
FB00042,ORD01947,C0315,2/4/2024,2,Dissatisfied,4,Electronics,Product quality could be better.
FB00871,ORD00014,C0293,2/4/2024,4,Satisfied,7,Home Appliances,Satisfied with the purchase.
FB00040,ORD02003,C0113,2/4/2024,5,Very Satisfied,9,Electronics,Will definitely buy again.
FB00085,ORD02159,C0028,2/5/2024,3,Neutral,5,Electronics,It works but could be better.
FB00194,ORD02481,C0034,2/6/2024,5,Very Satisfied,9,Home Appliances,Will definitely buy again.
FB00968,ORD02280,C0369,2/6/2024,4,Satisfied,7,Home Appliances,"Good product, works as expected."
FB00027,ORD01910,C0298,2/6/2024,5,Very Satisfied,10,Electronics,Will definitely buy again.
FB00174,ORD01151,C0401,2/8/2024,5,Very Satisfied,9,Lifestyle Goods,Product exceeded my expectations.
FB00723,ORD01155,C0139,2/9/2024,5,Very Satisfied,9,Electronics,Great value for money.
FB00584,ORD00662,C0125,2/9/2024,2,Dissatisfied,5,Electronics,Product quality could be better.
FB00570,ORD01252,C0190,2/9/2024,4,Satisfied,7,Electronics,"Good product, works as expected."
FB00075,ORD01552,C0215,2/9/2024,4,Satisfied,7,Home Appliances,"Product is fine, delivery was on time."
FB00567,ORD00981,C0046,2/10/2024,4,Satisfied,8,Lifestyle Goods,Satisfied with the purchase.
FB00922,ORD01101,C0359,2/11/2024,1,Very Dissatisfied,3,Lifestyle Goods,"Waste of money, would not recommend."
FB00109,ORD00472,C0192,2/11/2024,3,Neutral,6,Lifestyle Goods,"Product is okay, nothing special."
FB00261,ORD00076,C0142,2/13/2024,2,Dissatisfied,5,Electronics,Not what I expected from the description.
FB00303,ORD02047,C0405,2/13/2024,4,Satisfied,9,Electronics,Meets my needs perfectly.
FB00309,ORD00727,C0041,2/13/2024,4,Satisfied,8,Home Appliances,"Good product, works as expected."
FB00866,ORD01199,C0436,2/13/2024,4,Satisfied,8,Lifestyle Goods,"Good product, works as expected."
FB00546,ORD00468,C0259,2/14/2024,2,Dissatisfied,3,Home Appliances,Product quality could be better.
FB00196,ORD00866,C0015,2/14/2024,3,Neutral,5,Lifestyle Goods,"Product is okay, nothing special."
FB00614,ORD02093,C0337,2/15/2024,1,Very Dissatisfied,2,Home Appliances,"Waste of money, would not recommend."
FB00288,ORD02268,C0252,2/15/2024,4,Satisfied,7,Home Appliances,Satisfied with the purchase.
FB00047,ORD01006,C0152,2/15/2024,2,Dissatisfied,4,Lifestyle Goods,Product quality could be better.
FB00604,ORD01126,C0191,2/16/2024,5,Very Satisfied,9,Lifestyle Goods,Excellent product quality! Highly recommend.
FB00336,ORD01675,C0276,2/16/2024,4,Satisfied,9,Home Appliances,Meets my needs perfectly.
FB00267,ORD01657,C0345,2/16/2024,5,Very Satisfied,9,Electronics,Will definitely buy again.
FB00029,ORD00172,C0307,2/17/2024,4,Satisfied,7,Electronics,Happy with the quality.
FB00842,ORD01971,C0159,2/17/2024,3,Neutral,5,Electronics,No complaints but not impressed either.
FB00111,ORD01348,C0300,2/18/2024,5,Very Satisfied,10,Electronics,Product exceeded my expectations.
FB00077,ORD00402,C0368,2/19/2024,4,Satisfied,8,Lifestyle Goods,Meets my needs perfectly.
FB00147,ORD00465,C0027,2/20/2024,4,Satisfied,9,Home Appliances,Meets my needs perfectly.
FB00144,ORD00106,C0219,2/20/2024,5,Very Satisfied,9,Lifestyle Goods,Excellent product quality! Highly recommend.
FB00888,ORD01837,C0315,2/21/2024,4,Satisfied,9,Lifestyle Goods,"Good product, works as expected."
FB00038,ORD01311,C0380,2/23/2024,5,Very Satisfied,10,Home Appliances,Great value for money.
FB00390,ORD01297,C0456,2/24/2024,4,Satisfied,7,Lifestyle Goods,Satisfied with the purchase.
FB00161,ORD00728,C0236,2/25/2024,3,Neutral,5,Home Appliances,"Product is okay, nothing special."
FB00801,ORD00934,C0471,2/28/2024,2,Dissatisfied,3,Electronics,Not what I expected from the description.
FB00800,ORD01532,C0055,2/29/2024,4,Satisfied,8,Electronics,Happy with the quality.
FB00559,ORD02255,C0156,3/1/2024,5,Very Satisfied,10,Home Appliances,Fast delivery and great customer service.
FB00995,ORD00991,C0316,3/4/2024,5,Very Satisfied,10,Lifestyle Goods,Great value for money.
FB00644,ORD02113,C0383,3/4/2024,5,Very Satisfied,10,Electronics,Product exceeded my expectations.
FB00387,ORD00059,C0060,3/6/2024,4,Satisfied,9,Electronics,Happy with the quality.
FB00854,ORD00693,C0152,3/6/2024,5,Very Satisfied,10,Electronics,Best purchase I have made this year!
FB00711,ORD01776,C0308,3/7/2024,2,Dissatisfied,4,Electronics,Customer service was slow to respond.
FB00346,ORD01876,C0490,3/7/2024,2,Dissatisfied,3,Home Appliances,Had some issues with the product.
FB00258,ORD01763,C0012,3/8/2024,4,Satisfied,8,Electronics,"Good product, works as expected."
FB00238,ORD02102,C0421,3/8/2024,4,Satisfied,9,Home Appliances,Meets my needs perfectly.
FB00378,ORD00717,C0007,3/8/2024,5,Very Satisfied,10,Electronics,Will definitely buy again.
FB00456,ORD00253,C0261,3/10/2024,3,Neutral,7,Home Appliances,"Product is okay, nothing special."
FB00606,ORD01437,C0339,3/10/2024,2,Dissatisfied,5,Electronics,Product quality could be better.
FB00782,ORD01475,C0333,3/11/2024,4,Satisfied,9,Lifestyle Goods,Meets my needs perfectly.
FB00201,ORD01364,C0208,3/11/2024,4,Satisfied,7,Home Appliances,"Product is fine, delivery was on time."
FB00674,ORD01023,C0217,3/12/2024,2,Dissatisfied,4,Lifestyle Goods,Not what I expected from the description.
FB00017,ORD01573,C0414,3/12/2024,2,Dissatisfied,5,Electronics,Delivery was delayed.
FB00460,ORD01432,C0228,3/12/2024,4,Satisfied,8,Home Appliances,Happy with the quality.
FB00706,ORD01960,C0086,3/13/2024,5,Very Satisfied,10,Electronics,Fast delivery and great customer service.
FB00753,ORD00902,C0364,3/13/2024,4,Satisfied,7,Lifestyle Goods,"Good product, works as expected."
FB00992,ORD00617,C0192,3/14/2024,3,Neutral,7,Lifestyle Goods,Decent product for the price.
FB00972,ORD00097,C0270,3/15/2024,4,Satisfied,7,Electronics,"Product is fine, delivery was on time."
FB00442,ORD00888,C0306,3/16/2024,1,Very Dissatisfied,2,Electronics,"Terrible experience, seeking refund."
FB00591,ORD00650,C0285,3/16/2024,4,Satisfied,9,Home Appliances,"Good product, works as expected."
FB00717,ORD01917,C0359,3/17/2024,2,Dissatisfied,4,Lifestyle Goods,Not what I expected from the description.
FB00713,ORD00953,C0423,3/17/2024,4,Satisfied,9,Electronics,Happy with the quality.
FB00031,ORD00357,C0086,3/18/2024,4,Satisfied,8,Lifestyle Goods,Satisfied with the purchase.
FB00977,ORD00915,C0053,3/21/2024,4,Satisfied,8,Lifestyle Goods,Happy with the quality.
FB00269,ORD02352,C0432,3/22/2024,4,Satisfied,8,Home Appliances,Meets my needs perfectly.
FB00186,ORD02173,C0397,3/23/2024,5,Very Satisfied,9,Lifestyle Goods,Great value for money.
FB00693,ORD00144,C0433,3/23/2024,4,Satisfied,8,Home Appliances,Meets my needs perfectly.
FB00060,ORD02154,C0214,3/23/2024,5,Very Satisfied,10,Lifestyle Goods,Great value for money.
FB00406,ORD02484,C0291,3/23/2024,5,Very Satisfied,10,Lifestyle Goods,Product exceeded my expectations.
FB00228,ORD01189,C0406,3/25/2024,5,Very Satisfied,9,Lifestyle Goods,Best purchase I have made this year!
FB00410,ORD01033,C0374,3/26/2024,5,Very Satisfied,9,Lifestyle Goods,Will definitely buy again.
FB00252,ORD01665,C0196,3/26/2024,3,Neutral,7,Home Appliances,Decent product for the price.
FB00481,ORD01400,C0325,3/27/2024,4,Satisfied,9,Home Appliances,Happy with the quality.
FB00637,ORD00758,C0119,3/28/2024,5,Very Satisfied,9,Lifestyle Goods,Great value for money.
FB00434,ORD01545,C0430,3/28/2024,4,Satisfied,7,Home Appliances,Meets my needs perfectly.
FB00190,ORD01701,C0142,3/29/2024,2,Dissatisfied,4,Lifestyle Goods,Product quality could be better.
FB00001,ORD00411,C0258,3/30/2024,4,Satisfied,7,Lifestyle Goods,Satisfied with the purchase.
FB00990,ORD00230,C0225,3/31/2024,1,Very Dissatisfied,2,Home Appliances,"Waste of money, would not recommend."
FB00067,ORD02190,C0023,4/4/2024,4,Satisfied,7,Lifestyle Goods,Satisfied with the purchase.
FB00079,ORD01132,C0415,4/6/2024,4,Satisfied,7,Electronics,Meets my needs perfectly.
FB00453,ORD00779,C0286,4/6/2024,4,Satisfied,7,Home Appliances,"Product is fine, delivery was on time."
FB00062,ORD02061,C0376,4/6/2024,4,Satisfied,7,Electronics,"Good product, works as expected."
FB00762,ORD00358,C0180,4/7/2024,3,Neutral,6,Home Appliances,"Average quality, expected more."
FB00322,ORD01540,C0235,4/7/2024,4,Satisfied,8,Lifestyle Goods,Happy with the quality.
FB00152,ORD01841,C0006,4/7/2024,4,Satisfied,7,Electronics,Happy with the quality.
FB00362,ORD02189,C0320,4/8/2024,4,Satisfied,8,Electronics,Meets my needs perfectly.
FB00536,ORD00272,C0120,4/8/2024,3,Neutral,6,Home Appliances,"Product is okay, nothing special."
FB00731,ORD01693,C0169,4/9/2024,4,Satisfied,7,Home Appliances,Satisfied with the purchase.
FB00495,ORD00108,C0038,4/9/2024,5,Very Satisfied,10,Lifestyle Goods,Great value for money.
FB00757,ORD01120,C0285,4/10/2024,5,Very Satisfied,10,Lifestyle Goods,Best purchase I have made this year!
FB00184,ORD00072,C0487,4/11/2024,5,Very Satisfied,9,Electronics,Product exceeded my expectations.
FB00398,ORD01221,C0038,4/11/2024,4,Satisfied,9,Lifestyle Goods,"Product is fine, delivery was on time."
FB00917,ORD02303,C0013,4/13/2024,4,Satisfied,8,Electronics,"Good product, works as expected."
FB00552,ORD00918,C0135,4/14/2024,4,Satisfied,9,Home Appliances,"Good product, works as expected."
FB00181,ORD01271,C0089,4/16/2024,4,Satisfied,7,Electronics,Happy with the quality.
FB00279,ORD00561,C0332,4/16/2024,5,Very Satisfied,10,Electronics,Excellent product quality! Highly recommend.
FB00227,ORD01655,C0323,4/16/2024,2,Dissatisfied,3,Home Appliances,Customer service was slow to respond.
FB00248,ORD00855,C0164,4/16/2024,5,Very Satisfied,9,Electronics,Best purchase I have made this year!
FB00403,ORD00908,C0290,4/17/2024,3,Neutral,5,Lifestyle Goods,"Product is okay, nothing special."
FB00526,ORD00122,C0205,4/19/2024,5,Very Satisfied,10,Home Appliances,Will definitely buy again.
FB00005,ORD00310,C0033,4/19/2024,3,Neutral,7,Electronics,It works but could be better.
FB00940,ORD00659,C0469,4/20/2024,4,Satisfied,7,Electronics,Meets my needs perfectly.
FB00593,ORD00078,C0047,4/20/2024,4,Satisfied,8,Lifestyle Goods,"Good product, works as expected."
FB00935,ORD02286,C0424,4/21/2024,5,Very Satisfied,10,Lifestyle Goods,Fast delivery and great customer service.
FB00343,ORD00436,C0038,4/22/2024,4,Satisfied,9,Lifestyle Goods,Meets my needs perfectly.
FB00679,ORD01110,C0136,4/23/2024,4,Satisfied,7,Lifestyle Goods,"Good product, works as expected."
FB00132,ORD01870,C0349,4/24/2024,5,Very Satisfied,9,Home Appliances,Great value for money.
FB00560,ORD01607,C0364,4/25/2024,5,Very Satisfied,9,Lifestyle Goods,Fast delivery and great customer service.
FB00310,ORD00003,C0327,4/25/2024,5,Very Satisfied,10,Electronics,Fast delivery and great customer service.
FB00537,ORD00407,C0349,4/26/2024,4,Satisfied,7,Home Appliances,"Good product, works as expected."
FB00790,ORD00817,C0483,4/26/2024,4,Satisfied,7,Lifestyle Goods,"Good product, works as expected."
FB00533,ORD02277,C0455,4/27/2024,5,Very Satisfied,10,Electronics,Product exceeded my expectations.
FB00510,ORD02390,C0457,4/28/2024,4,Satisfied,9,Lifestyle Goods,"Good product, works as expected."
FB00638,ORD02457,C0291,4/28/2024,4,Satisfied,9,Electronics,"Product is fine, delivery was on time."
FB00618,ORD02140,C0183,4/28/2024,4,Satisfied,8,Electronics,Meets my needs perfectly.
FB00311,ORD01978,C0500,4/29/2024,4,Satisfied,8,Lifestyle Goods,Satisfied with the purchase.
FB00641,ORD00042,C0494,4/29/2024,5,Very Satisfied,9,Electronics,Fast delivery and great customer service.
FB00596,ORD00606,C0345,4/29/2024,3,Neutral,7,Lifestyle Goods,Decent product for the price.
FB00751,ORD02392,C0402,4/30/2024,3,Neutral,7,Lifestyle Goods,No complaints but not impressed either.
FB00007,ORD01718,C0335,4/30/2024,4,Satisfied,8,Lifestyle Goods,Happy with the quality.
FB00844,ORD02028,C0093,4/30/2024,2,Dissatisfied,5,Electronics,Not what I expected from the description.
FB00759,ORD01948,C0324,5/1/2024,5,Very Satisfied,10,Electronics,Best purchase I have made this year!
FB00632,ORD01293,C0020,5/1/2024,2,Dissatisfied,3,Electronics,Customer service was slow to respond.
FB00929,ORD01107,C0161,5/1/2024,4,Satisfied,8,Home Appliances,Happy with the quality.
FB00117,ORD01060,C0187,5/2/2024,4,Satisfied,8,Home Appliances,Happy with the quality.
FB00158,ORD02265,C0069,5/4/2024,4,Satisfied,9,Home Appliances,Satisfied with the purchase.
FB00640,ORD00301,C0230,5/4/2024,4,Satisfied,7,Home Appliances,"Good product, works as expected."
FB00515,ORD00006,C0462,5/4/2024,4,Satisfied,8,Electronics,"Good product, works as expected."
FB00332,ORD00299,C0357,5/5/2024,4,Satisfied,8,Lifestyle Goods,"Product is fine, delivery was on time."
FB00412,ORD00685,C0051,5/6/2024,4,Satisfied,7,Lifestyle Goods,"Product is fine, delivery was on time."
FB00294,ORD00570,C0166,5/6/2024,4,Satisfied,8,Lifestyle Goods,"Product is fine, delivery was on time."
FB00580,ORD00478,C0266,5/7/2024,4,Satisfied,9,Home Appliances,"Good product, works as expected."
FB00018,ORD00333,C0324,5/8/2024,4,Satisfied,8,Electronics,Satisfied with the purchase.
FB00709,ORD01328,C0301,5/9/2024,4,Satisfied,7,Home Appliances,"Good product, works as expected."
FB00232,ORD02387,C0470,5/9/2024,5,Very Satisfied,9,Home Appliances,Product exceeded my expectations.
FB00335,ORD02147,C0089,5/11/2024,3,Neutral,7,Home Appliances,"Average quality, expected more."
FB00489,ORD00957,C0404,5/12/2024,4,Satisfied,8,Home Appliances,Satisfied with the purchase.
FB00661,ORD00282,C0448,5/13/2024,4,Satisfied,7,Home Appliances,"Good product, works as expected."
FB00586,ORD02091,C0099,5/14/2024,4,Satisfied,9,Electronics,"Product is fine, delivery was on time."
FB00497,ORD01243,C0103,5/14/2024,4,Satisfied,9,Electronics,Happy with the quality.
FB00962,ORD01190,C0333,5/14/2024,4,Satisfied,9,Home Appliances,Meets my needs perfectly.
FB00314,ORD02360,C0371,5/15/2024,3,Neutral,6,Lifestyle Goods,No complaints but not impressed either.
FB00457,ORD00980,C0037,5/15/2024,4,Satisfied,8,Electronics,"Good product, works as expected."
FB00046,ORD00677,C0469,5/15/2024,5,Very Satisfied,10,Electronics,Excellent product quality! Highly recommend.
FB00915,ORD00529,C0110,5/15/2024,3,Neutral,5,Electronics,It works but could be better.
FB00939,ORD00794,C0401,5/15/2024,4,Satisfied,9,Electronics,Satisfied with the purchase.
FB00875,ORD01995,C0154,5/16/2024,5,Very Satisfied,9,Electronics,Great value for money.
FB00118,ORD01987,C0277,5/16/2024,5,Very Satisfied,9,Electronics,Will definitely buy again.
FB00405,ORD01798,C0405,5/18/2024,2,Dissatisfied,5,Lifestyle Goods,Product quality could be better.
FB00766,ORD01292,C0293,5/19/2024,5,Very Satisfied,10,Home Appliances,Will definitely buy again.
FB00493,ORD01088,C0493,5/19/2024,4,Satisfied,7,Electronics,Happy with the quality.
FB00729,ORD00434,C0126,5/21/2024,5,Very Satisfied,10,Lifestyle Goods,Will definitely buy again.
FB00592,ORD01899,C0094,5/21/2024,4,Satisfied,8,Lifestyle Goods,"Product is fine, delivery was on time."
FB00779,ORD00140,C0115,5/21/2024,5,Very Satisfied,9,Lifestyle Goods,Excellent product quality! Highly recommend.
FB00669,ORD00764,C0117,5/22/2024,3,Neutral,5,Home Appliances,"Product is okay, nothing special."
FB00902,ORD00551,C0096,5/23/2024,3,Neutral,5,Lifestyle Goods,It works but could be better.
FB00772,ORD01485,C0058,5/24/2024,5,Very Satisfied,9,Lifestyle Goods,Best purchase I have made this year!
FB00635,ORD02176,C0203,5/25/2024,4,Satisfied,9,Lifestyle Goods,Happy with the quality.
FB00371,ORD01927,C0069,5/27/2024,4,Satisfied,8,Lifestyle Goods,"Product is fine, delivery was on time."
FB00266,ORD01173,C0278,5/27/2024,4,Satisfied,9,Electronics,Happy with the quality.
FB00129,ORD01239,C0079,5/30/2024,3,Neutral,7,Electronics,"Product is okay, nothing special."
FB00651,ORD00397,C0014,6/2/2024,2,Dissatisfied,4,Home Appliances,Delivery was delayed.
FB00353,ORD00115,C0310,6/2/2024,1,Very Dissatisfied,1,Home Appliances,Very disappointed with the quality.
FB00391,ORD00453,C0264,6/2/2024,2,Dissatisfied,3,Home Appliances,Not what I expected from the description.
FB00301,ORD01785,C0351,6/3/2024,5,Very Satisfied,9,Home Appliances,Fast delivery and great customer service.
FB00803,ORD00021,C0427,6/3/2024,3,Neutral,6,Lifestyle Goods,"Average quality, expected more."
FB00300,ORD01095,C0069,6/4/2024,4,Satisfied,8,Lifestyle Goods,Satisfied with the purchase.
FB00276,ORD00348,C0355,6/5/2024,4,Satisfied,8,Home Appliances,"Good product, works as expected."
FB00970,ORD01635,C0229,6/6/2024,4,Satisfied,7,Home Appliances,Happy with the quality.
FB00852,ORD01204,C0073,6/6/2024,5,Very Satisfied,10,Home Appliances,Best purchase I have made this year!
FB00923,ORD01444,C0102,6/6/2024,3,Neutral,7,Home Appliances,No complaints but not impressed either.
FB00206,ORD02228,C0142,6/6/2024,5,Very Satisfied,10,Lifestyle Goods,Excellent product quality! Highly recommend.
FB00170,ORD02367,C0267,6/6/2024,2,Dissatisfied,4,Lifestyle Goods,Delivery was delayed.
FB00265,ORD01723,C0262,6/6/2024,5,Very Satisfied,9,Electronics,Excellent product quality! Highly recommend.
FB00623,ORD00602,C0229,6/7/2024,4,Satisfied,7,Lifestyle Goods,"Product is fine, delivery was on time."
FB00973,ORD02077,C0195,6/7/2024,2,Dissatisfied,3,Lifestyle Goods,Had some issues with the product.
FB00777,ORD00846,C0078,6/7/2024,4,Satisfied,8,Home Appliances,Satisfied with the purchase.
FB00447,ORD02299,C0058,6/8/2024,5,Very Satisfied,10,Electronics,Best purchase I have made this year!
FB00542,ORD01864,C0490,6/10/2024,5,Very Satisfied,9,Electronics,Product exceeded my expectations.
FB00221,ORD00604,C0213,6/10/2024,5,Very Satisfied,9,Home Appliances,Will definitely buy again.
FB00098,ORD00364,C0411,6/13/2024,5,Very Satisfied,10,Lifestyle Goods,Excellent product quality! Highly recommend.
FB00697,ORD00480,C0072,6/14/2024,4,Satisfied,9,Home Appliances,Meets my needs perfectly.
FB00230,ORD00841,C0383,6/14/2024,4,Satisfied,9,Home Appliances,Meets my needs perfectly.
FB00937,ORD01945,C0250,6/14/2024,4,Satisfied,9,Lifestyle Goods,"Good product, works as expected."
FB00636,ORD01861,C0055,6/14/2024,4,Satisfied,9,Home Appliances,"Good product, works as expected."
FB00869,ORD01312,C0445,6/14/2024,4,Satisfied,8,Home Appliances,"Good product, works as expected."
FB00926,ORD01900,C0144,6/14/2024,1,Very Dissatisfied,3,Home Appliances,Very disappointed with the quality.
FB00689,ORD02474,C0053,6/16/2024,4,Satisfied,8,Home Appliances,"Product is fine, delivery was on time."
FB00576,ORD00444,C0288,6/16/2024,4,Satisfied,8,Electronics,"Product is fine, delivery was on time."
FB00463,ORD01005,C0097,6/18/2024,5,Very Satisfied,10,Lifestyle Goods,Best purchase I have made this year!
FB00785,ORD02107,C0050,6/18/2024,4,Satisfied,8,Electronics,Happy with the quality.
FB00299,ORD01779,C0136,6/19/2024,4,Satisfied,7,Electronics,Happy with the quality.
FB00966,ORD01069,C0024,6/20/2024,2,Dissatisfied,3,Home Appliances,Not what I expected from the description.
FB00754,ORD02246,C0466,6/21/2024,2,Dissatisfied,5,Electronics,Had some issues with the product.
FB00475,ORD00339,C0204,6/24/2024,4,Satisfied,8,Lifestyle Goods,"Good product, works as expected."
FB00737,ORD00508,C0193,6/24/2024,5,Very Satisfied,9,Home Appliances,Product exceeded my expectations.
FB00416,ORD02094,C0320,6/24/2024,4,Satisfied,7,Lifestyle Goods,Happy with the quality.
FB00157,ORD00725,C0130,6/24/2024,4,Satisfied,9,Lifestyle Goods,Meets my needs perfectly.
FB00370,ORD01795,C0216,6/25/2024,5,Very Satisfied,10,Home Appliances,Will definitely buy again.
FB00256,ORD01092,C0212,6/26/2024,4,Satisfied,9,Lifestyle Goods,Satisfied with the purchase.
FB00670,ORD02418,C0159,6/26/2024,2,Dissatisfied,4,Lifestyle Goods,Customer service was slow to respond.
FB00052,ORD00413,C0079,6/26/2024,5,Very Satisfied,9,Electronics,Great value for money.
FB00993,ORD01347,C0423,6/26/2024,3,Neutral,6,Home Appliances,"Product is okay, nothing special."
FB00402,ORD02132,C0070,6/27/2024,5,Very Satisfied,10,Lifestyle Goods,Best purchase I have made this year!
FB00895,ORD00599,C0227,6/27/2024,4,Satisfied,9,Electronics,"Product is fine, delivery was on time."
FB00657,ORD01968,C0392,6/28/2024,3,Neutral,5,Electronics,It works but could be better.
FB00104,ORD01406,C0098,6/29/2024,5,Very Satisfied,9,Electronics,Will definitely buy again.
FB00286,ORD01262,C0215,6/30/2024,4,Satisfied,9,Home Appliances,"Good product, works as expected."
FB00441,ORD02073,C0080,6/30/2024,3,Neutral,5,Home Appliances,Decent product for the price.
FB00668,ORD02251,C0486,7/1/2024,4,Satisfied,9,Lifestyle Goods,"Product is fine, delivery was on time."
FB00704,ORD01658,C0004,7/3/2024,4,Satisfied,8,Lifestyle Goods,Meets my needs perfectly.
FB00630,ORD00682,C0333,7/7/2024,4,Satisfied,9,Home Appliances,Meets my needs perfectly.
FB00119,ORD01235,C0136,7/9/2024,3,Neutral,6,Lifestyle Goods,"Product is okay, nothing special."
FB00223,ORD01717,C0458,7/12/2024,3,Neutral,5,Home Appliances,Decent product for the price.
FB00795,ORD02016,C0012,7/12/2024,4,Satisfied,7,Electronics,"Product is fine, delivery was on time."
FB00037,ORD01865,C0417,7/14/2024,4,Satisfied,7,Lifestyle Goods,Meets my needs perfectly.
FB00404,ORD00719,C0147,7/15/2024,5,Very Satisfied,9,Electronics,Will definitely buy again.
FB00283,ORD01082,C0178,7/15/2024,5,Very Satisfied,10,Lifestyle Goods,Will definitely buy again.
FB00364,ORD01979,C0479,7/16/2024,4,Satisfied,8,Electronics,Happy with the quality.
FB00415,ORD01632,C0371,7/16/2024,3,Neutral,5,Electronics,No complaints but not impressed either.
FB00282,ORD00754,C0170,7/16/2024,4,Satisfied,7,Home Appliances,"Good product, works as expected."
FB00120,ORD01121,C0128,7/19/2024,4,Satisfied,7,Electronics,Happy with the quality.
FB00218,ORD01685,C0038,7/19/2024,4,Satisfied,8,Electronics,Meets my needs perfectly.
FB00600,ORD02445,C0228,7/20/2024,4,Satisfied,8,Electronics,"Product is fine, delivery was on time."
FB00363,ORD02161,C0290,7/20/2024,3,Neutral,7,Electronics,"Product is okay, nothing special."
FB00503,ORD01980,C0228,7/21/2024,4,Satisfied,9,Electronics,Satisfied with the purchase.
FB00049,ORD01669,C0152,7/22/2024,5,Very Satisfied,10,Lifestyle Goods,Will definitely buy again.
FB00554,ORD01828,C0315,7/22/2024,1,Very Dissatisfied,3,Lifestyle Goods,"Waste of money, would not recommend."
FB00226,ORD01561,C0324,7/23/2024,4,Satisfied,9,Electronics,Happy with the quality.
FB00819,ORD00469,C0144,7/23/2024,5,Very Satisfied,10,Lifestyle Goods,Excellent product quality! Highly recommend.
FB00091,ORD02480,C0082,7/24/2024,4,Satisfied,7,Home Appliances,"Product is fine, delivery was on time."
FB00253,ORD00409,C0328,7/24/2024,4,Satisfied,9,Home Appliances,Happy with the quality.
FB00396,ORD00703,C0251,7/25/2024,3,Neutral,5,Electronics,"Product is okay, nothing special."
FB00624,ORD00398,C0294,7/25/2024,4,Satisfied,8,Home Appliances,Happy with the quality.
FB00215,ORD01514,C0282,7/25/2024,5,Very Satisfied,10,Electronics,Best purchase I have made this year!
FB00360,ORD02137,C0262,7/26/2024,4,Satisfied,9,Home Appliances,Happy with the quality.
FB00722,ORD01145,C0246,7/27/2024,2,Dissatisfied,5,Electronics,Not what I expected from the description.
FB00999,ORD00142,C0189,7/27/2024,4,Satisfied,9,Electronics,Meets my needs perfectly.
FB00534,ORD02101,C0381,7/28/2024,1,Very Dissatisfied,3,Lifestyle Goods,Does not work as advertised.
FB00090,ORD00816,C0014,7/28/2024,1,Very Dissatisfied,3,Lifestyle Goods,"Terrible experience, seeking refund."
FB00325,ORD00380,C0061,7/30/2024,2,Dissatisfied,3,Electronics,Product quality could be better.
FB00217,ORD00862,C0219,7/30/2024,3,Neutral,6,Home Appliances,Decent product for the price.
FB00730,ORD00119,C0370,7/31/2024,5,Very Satisfied,10,Lifestyle Goods,Product exceeded my expectations.
FB00298,ORD02221,C0475,7/31/2024,2,Dissatisfied,4,Lifestyle Goods,Customer service was slow to respond.
FB00134,ORD01868,C0248,7/31/2024,2,Dissatisfied,4,Lifestyle Goods,Product quality could be better.
FB00476,ORD01073,C0234,7/31/2024,5,Very Satisfied,10,Electronics,Great value for money.
FB00451,ORD00046,C0188,8/1/2024,5,Very Satisfied,10,Electronics,Great value for money.
FB00446,ORD02126,C0280,8/1/2024,4,Satisfied,8,Electronics,Satisfied with the purchase.
FB00081,ORD00861,C0082,8/2/2024,4,Satisfied,9,Home Appliances,Meets my needs perfectly.
FB00561,ORD01498,C0457,8/2/2024,3,Neutral,6,Home Appliances,Decent product for the price.
FB00179,ORD00787,C0464,8/3/2024,3,Neutral,5,Electronics,"Product is okay, nothing special."
FB00806,ORD00782,C0048,8/3/2024,5,Very Satisfied,9,Home Appliances,Best purchase I have made this year!
FB00242,ORD00814,C0103,8/4/2024,2,Dissatisfied,4,Home Appliances,Delivery was delayed.
FB00244,ORD01154,C0258,8/4/2024,4,Satisfied,9,Home Appliances,"Good product, works as expected."
FB00905,ORD01984,C0223,8/6/2024,3,Neutral,7,Home Appliances,Decent product for the price.
FB00257,ORD01931,C0025,8/6/2024,4,Satisfied,9,Home Appliances,Happy with the quality.
FB00934,ORD00842,C0298,8/7/2024,2,Dissatisfied,3,Lifestyle Goods,Delivery was delayed.
FB00876,ORD01743,C0090,8/7/2024,4,Satisfied,8,Home Appliances,"Product is fine, delivery was on time."
FB00449,ORD00371,C0017,8/8/2024,2,Dissatisfied,5,Home Appliances,Had some issues with the product.
FB00290,ORD02000,C0224,8/8/2024,4,Satisfied,8,Home Appliances,"Product is fine, delivery was on time."
FB00162,ORD00486,C0154,8/9/2024,4,Satisfied,8,Home Appliances,Satisfied with the purchase.
FB00124,ORD00132,C0288,8/9/2024,5,Very Satisfied,9,Home Appliances,Best purchase I have made this year!
FB00654,ORD00430,C0214,8/9/2024,3,Neutral,5,Home Appliances,Decent product for the price.
FB00043,ORD00746,C0337,8/10/2024,4,Satisfied,9,Electronics,"Good product, works as expected."
FB00160,ORD02403,C0311,8/10/2024,5,Very Satisfied,9,Home Appliances,Will definitely buy again.
FB00089,ORD00739,C0440,8/10/2024,4,Satisfied,8,Electronics,Satisfied with the purchase.
FB00156,ORD00223,C0334,8/11/2024,1,Very Dissatisfied,3,Electronics,"Waste of money, would not recommend."
FB00608,ORD01586,C0200,8/11/2024,4,Satisfied,9,Electronics,Satisfied with the purchase.
FB00379,ORD00185,C0208,8/12/2024,5,Very Satisfied,10,Lifestyle Goods,Great value for money.
FB00483,ORD00889,C0197,8/12/2024,4,Satisfied,8,Home Appliances,"Good product, works as expected."
FB00507,ORD00276,C0226,8/12/2024,5,Very Satisfied,9,Home Appliances,Product exceeded my expectations.
FB00847,ORD01480,C0348,8/12/2024,4,Satisfied,9,Home Appliances,Happy with the quality.
FB00374,ORD00426,C0022,8/13/2024,5,Very Satisfied,9,Lifestyle Goods,Excellent product quality! Highly recommend.
FB00461,ORD00752,C0124,8/13/2024,3,Neutral,5,Home Appliances,"Product is okay, nothing special."
FB00312,ORD01203,C0054,8/14/2024,4,Satisfied,7,Lifestyle Goods,Happy with the quality.
FB00229,ORD01256,C0032,8/14/2024,5,Very Satisfied,10,Electronics,Fast delivery and great customer service.
FB00660,ORD01171,C0073,8/14/2024,3,Neutral,7,Home Appliances,"Average quality, expected more."
FB00502,ORD01570,C0483,8/15/2024,2,Dissatisfied,4,Lifestyle Goods,Customer service was slow to respond.
FB00263,ORD01200,C0017,8/16/2024,3,Neutral,7,Electronics,"Product is okay, nothing special."
FB00622,ORD00956,C0067,8/17/2024,4,Satisfied,8,Home Appliances,Meets my needs perfectly.
FB00059,ORD01097,C0032,8/18/2024,5,Very Satisfied,9,Home Appliances,Product exceeded my expectations.
FB00086,ORD02170,C0382,8/18/2024,4,Satisfied,8,Electronics,"Product is fine, delivery was on time."
FB00289,ORD01921,C0352,8/19/2024,5,Very Satisfied,10,Electronics,Great value for money.
FB00233,ORD01509,C0230,8/19/2024,4,Satisfied,8,Electronics,Satisfied with the purchase.
FB00967,ORD01866,C0129,8/19/2024,5,Very Satisfied,9,Lifestyle Goods,Excellent product quality! Highly recommend.
FB00478,ORD00811,C0401,8/20/2024,2,Dissatisfied,4,Electronics,Customer service was slow to respond.
FB00666,ORD01050,C0322,8/20/2024,5,Very Satisfied,9,Electronics,Excellent product quality! Highly recommend.
FB00214,ORD01490,C0371,8/21/2024,4,Satisfied,7,Home Appliances,Happy with the quality.
FB00023,ORD00328,C0377,8/21/2024,5,Very Satisfied,9,Lifestyle Goods,Will definitely buy again.
FB00141,ORD00015,C0152,8/22/2024,4,Satisfied,7,Lifestyle Goods,"Product is fine, delivery was on time."
FB00770,ORD01898,C0445,8/22/2024,4,Satisfied,7,Electronics,Meets my needs perfectly.
FB00927,ORD01695,C0079,8/22/2024,4,Satisfied,8,Home Appliances,Meets my needs perfectly.
FB00532,ORD02282,C0305,8/22/2024,5,Very Satisfied,9,Home Appliances,Best purchase I have made this year!
FB00892,ORD00843,C0114,8/23/2024,5,Very Satisfied,9,Home Appliances,Best purchase I have made this year!
FB00907,ORD01688,C0250,8/23/2024,3,Neutral,5,Home Appliances,Decent product for the price.
FB00231,ORD01382,C0151,8/23/2024,4,Satisfied,8,Home Appliances,Meets my needs perfectly.
FB00039,ORD02166,C0259,8/24/2024,2,Dissatisfied,4,Electronics,Product quality could be better.
FB00879,ORD02348,C0185,8/24/2024,5,Very Satisfied,9,Lifestyle Goods,Product exceeded my expectations.
FB00743,ORD00692,C0297,8/25/2024,4,Satisfied,9,Lifestyle Goods,Satisfied with the purchase.
FB00581,ORD02182,C0046,8/26/2024,5,Very Satisfied,10,Electronics,Excellent product quality! Highly recommend.
FB00354,ORD00112,C0281,8/27/2024,4,Satisfied,7,Lifestyle Goods,"Product is fine, delivery was on time."
FB00544,ORD00221,C0284,8/28/2024,3,Neutral,5,Lifestyle Goods,"Product is okay, nothing special."
FB00034,ORD00009,C0154,8/28/2024,3,Neutral,7,Lifestyle Goods,No complaints but not impressed either.
FB00315,ORD01260,C0117,8/29/2024,3,Neutral,7,Home Appliances,No complaints but not impressed either.
FB00359,ORD02095,C0132,8/29/2024,5,Very Satisfied,10,Electronics,Great value for money.
FB00427,ORD01105,C0056,8/29/2024,5,Very Satisfied,9,Electronics,Excellent product quality! Highly recommend.
FB00386,ORD00601,C0251,8/30/2024,4,Satisfied,9,Electronics,Happy with the quality.
FB00765,ORD02483,C0221,8/31/2024,5,Very Satisfied,10,Lifestyle Goods,Product exceeded my expectations.
FB00974,ORD01777,C0421,8/31/2024,4,Satisfied,9,Lifestyle Goods,Happy with the quality.
FB00469,ORD00922,C0353,8/31/2024,5,Very Satisfied,10,Home Appliances,Best purchase I have made this year!
FB00957,ORD01286,C0299,9/2/2024,4,Satisfied,9,Lifestyle Goods,"Good product, works as expected."
FB00293,ORD00533,C0123,9/2/2024,5,Very Satisfied,10,Electronics,Fast delivery and great customer service.
FB00472,ORD01812,C0130,9/3/2024,5,Very Satisfied,10,Electronics,Fast delivery and great customer service.
FB00834,ORD01160,C0120,9/4/2024,5,Very Satisfied,9,Electronics,Product exceeded my expectations.
FB00748,ORD01479,C0248,9/6/2024,2,Dissatisfied,5,Lifestyle Goods,Customer service was slow to respond.
FB00873,ORD02495,C0395,9/7/2024,4,Satisfied,8,Lifestyle Goods,"Product is fine, delivery was on time."
FB00083,ORD01715,C0109,9/7/2024,4,Satisfied,8,Lifestyle Goods,"Product is fine, delivery was on time."
FB00169,ORD01765,C0083,9/7/2024,2,Dissatisfied,5,Electronics,Delivery was delayed.
FB00021,ORD02071,C0469,9/8/2024,4,Satisfied,9,Lifestyle Goods,Satisfied with the purchase.
FB00443,ORD00648,C0451,9/9/2024,4,Satisfied,7,Lifestyle Goods,Satisfied with the purchase.
FB00948,ORD01167,C0163,9/10/2024,3,Neutral,5,Lifestyle Goods,No complaints but not impressed either.
FB00545,ORD00160,C0044,9/10/2024,4,Satisfied,9,Lifestyle Goods,"Good product, works as expected."
FB00950,ORD02490,C0238,9/11/2024,1,Very Dissatisfied,3,Home Appliances,Does not work as advertised.
FB01000,ORD01557,C0359,9/12/2024,4,Satisfied,7,Lifestyle Goods,Satisfied with the purchase.
FB00351,ORD01000,C0308,9/12/2024,1,Very Dissatisfied,3,Lifestyle Goods,"Waste of money, would not recommend."
FB00501,ORD01327,C0229,9/12/2024,3,Neutral,5,Electronics,"Average quality, expected more."
FB00594,ORD01792,C0277,9/12/2024,5,Very Satisfied,9,Lifestyle Goods,Fast delivery and great customer service.
FB00087,ORD00806,C0486,9/14/2024,5,Very Satisfied,10,Lifestyle Goods,Product exceeded my expectations.
FB00963,ORD01176,C0113,9/14/2024,5,Very Satisfied,9,Electronics,Best purchase I have made this year!
FB00471,ORD02261,C0291,9/15/2024,4,Satisfied,7,Home Appliances,Happy with the quality.
FB00219,ORD02240,C0169,9/15/2024,4,Satisfied,9,Home Appliances,"Product is fine, delivery was on time."
FB00864,ORD02329,C0452,9/17/2024,2,Dissatisfied,4,Home Appliances,Customer service was slow to respond.
FB00372,ORD02361,C0479,9/20/2024,4,Satisfied,8,Lifestyle Goods,"Good product, works as expected."
FB00101,ORD00425,C0173,9/21/2024,4,Satisfied,7,Lifestyle Goods,"Good product, works as expected."
FB00114,ORD02236,C0447,9/23/2024,4,Satisfied,8,Lifestyle Goods,Happy with the quality.
FB00626,ORD00165,C0227,9/24/2024,3,Neutral,7,Home Appliances,Decent product for the price.
FB00848,ORD00760,C0489,9/24/2024,4,Satisfied,9,Home Appliances,"Good product, works as expected."
FB00868,ORD02188,C0421,9/25/2024,3,Neutral,6,Lifestyle Goods,No complaints but not impressed either.
FB00897,ORD00714,C0468,9/27/2024,5,Very Satisfied,9,Home Appliances,Great value for money.
FB00986,ORD02363,C0435,9/27/2024,4,Satisfied,7,Home Appliances,Happy with the quality.
FB00445,ORD01442,C0061,9/28/2024,4,Satisfied,8,Electronics,Happy with the quality.
FB00887,ORD00867,C0453,9/28/2024,3,Neutral,7,Electronics,"Average quality, expected more."
FB00858,ORD00147,C0476,9/28/2024,3,Neutral,7,Lifestyle Goods,Decent product for the price.
FB00610,ORD02260,C0316,9/28/2024,4,Satisfied,8,Electronics,"Product is fine, delivery was on time."
FB00133,ORD02464,C0133,9/29/2024,4,Satisfied,8,Lifestyle Goods,"Product is fine, delivery was on time."
FB00324,ORD02054,C0174,9/29/2024,4,Satisfied,9,Lifestyle Goods,"Product is fine, delivery was on time."
FB00171,ORD01726,C0351,9/30/2024,2,Dissatisfied,3,Electronics,Delivery was delayed.
FB00953,ORD02006,C0414,9/30/2024,4,Satisfied,7,Lifestyle Goods,"Product is fine, delivery was on time."
FB00306,ORD01622,C0272,10/1/2024,4,Satisfied,9,Home Appliances,"Product is fine, delivery was on time."
FB00565,ORD00449,C0215,10/1/2024,3,Neutral,6,Electronics,Decent product for the price.
FB00150,ORD02079,C0439,10/2/2024,5,Very Satisfied,9,Home Appliances,Will definitely buy again.
FB00535,ORD01143,C0126,10/3/2024,2,Dissatisfied,5,Lifestyle Goods,Delivery was delayed.
FB00125,ORD00796,C0254,10/5/2024,5,Very Satisfied,10,Home Appliances,Will definitely buy again.
FB00885,ORD00797,C0101,10/6/2024,5,Very Satisfied,9,Home Appliances,Fast delivery and great customer service.
FB00330,ORD00496,C0397,10/7/2024,2,Dissatisfied,3,Lifestyle Goods,Not what I expected from the description.
FB00432,ORD01610,C0316,10/7/2024,5,Very Satisfied,10,Lifestyle Goods,Best purchase I have made this year!
FB00924,ORD00864,C0095,10/8/2024,4,Satisfied,8,Electronics,"Product is fine, delivery was on time."
FB00828,ORD01439,C0311,10/8/2024,3,Neutral,7,Lifestyle Goods,It works but could be better.
FB00064,ORD02359,C0271,10/9/2024,4,Satisfied,9,Electronics,Meets my needs perfectly.
FB00901,ORD01076,C0125,10/10/2024,3,Neutral,5,Home Appliances,No complaints but not impressed either.
FB00211,ORD01935,C0050,10/10/2024,4,Satisfied,8,Home Appliances,"Good product, works as expected."
FB00297,ORD00029,C0331,10/10/2024,4,Satisfied,7,Electronics,"Product is fine, delivery was on time."
FB00598,ORD01983,C0384,10/11/2024,3,Neutral,7,Lifestyle Goods,It works but could be better.
FB00549,ORD02365,C0182,10/11/2024,2,Dissatisfied,5,Lifestyle Goods,Product quality could be better.
FB00466,ORD01766,C0263,10/12/2024,2,Dissatisfied,5,Electronics,Customer service was slow to respond.
FB00128,ORD01436,C0005,10/14/2024,4,Satisfied,8,Electronics,Meets my needs perfectly.
FB00736,ORD00470,C0349,10/14/2024,4,Satisfied,8,Home Appliances,Happy with the quality.
FB00393,ORD00424,C0369,10/15/2024,5,Very Satisfied,9,Lifestyle Goods,Best purchase I have made this year!
FB00850,ORD02111,C0486,10/16/2024,2,Dissatisfied,3,Electronics,Not what I expected from the description.
FB00420,ORD01527,C0494,10/19/2024,4,Satisfied,7,Lifestyle Goods,Meets my needs perfectly.
FB00103,ORD02378,C0104,10/20/2024,4,Satisfied,9,Lifestyle Goods,Meets my needs perfectly.
FB00943,ORD00944,C0407,10/20/2024,4,Satisfied,7,Lifestyle Goods,Happy with the quality.
FB00664,ORD00057,C0422,10/21/2024,4,Satisfied,9,Home Appliances,"Product is fine, delivery was on time."
FB00467,ORD00331,C0090,10/21/2024,4,Satisfied,9,Lifestyle Goods,"Good product, works as expected."
FB00971,ORD02100,C0032,10/21/2024,3,Neutral,7,Home Appliances,"Average quality, expected more."
FB00881,ORD02377,C0109,10/22/2024,5,Very Satisfied,10,Electronics,Great value for money.
FB00373,ORD00198,C0059,10/23/2024,5,Very Satisfied,9,Home Appliances,Will definitely buy again.
FB00880,ORD02124,C0221,10/24/2024,3,Neutral,5,Lifestyle Goods,"Product is okay, nothing special."
FB00547,ORD00363,C0208,10/24/2024,4,Satisfied,8,Home Appliances,"Product is fine, delivery was on time."
FB00783,ORD00428,C0395,10/24/2024,4,Satisfied,8,Home Appliances,"Product is fine, delivery was on time."
FB00425,ORD02461,C0364,10/25/2024,4,Satisfied,9,Lifestyle Goods,Meets my needs perfectly.
FB00331,ORD00738,C0402,10/25/2024,1,Very Dissatisfied,2,Home Appliances,"Waste of money, would not recommend."
FB00455,ORD01671,C0192,10/26/2024,5,Very Satisfied,9,Electronics,Excellent product quality! Highly recommend.
FB00829,ORD01942,C0333,10/29/2024,4,Satisfied,7,Home Appliances,Happy with the quality.
FB00500,ORD00431,C0016,10/29/2024,5,Very Satisfied,9,Home Appliances,Best purchase I have made this year!
FB00874,ORD00804,C0499,10/29/2024,4,Satisfied,8,Home Appliances,Satisfied with the purchase.
FB00786,ORD01985,C0328,10/29/2024,5,Very Satisfied,9,Home Appliances,Excellent product quality! Highly recommend.
FB00849,ORD01343,C0141,10/29/2024,4,Satisfied,8,Home Appliances,Happy with the quality.
FB00225,ORD01624,C0005,10/30/2024,2,Dissatisfied,4,Electronics,Not what I expected from the description.
FB00980,ORD01755,C0144,10/31/2024,1,Very Dissatisfied,3,Electronics,"Terrible experience, seeking refund."
FB00650,ORD00969,C0085,11/1/2024,5,Very Satisfied,9,Electronics,Will definitely buy again.
FB00270,ORD00916,C0385,11/1/2024,4,Satisfied,8,Electronics,"Good product, works as expected."
FB00938,ORD00433,C0490,11/2/2024,5,Very Satisfied,9,Electronics,Best purchase I have made this year!
FB00988,ORD00068,C0051,11/2/2024,4,Satisfied,8,Lifestyle Goods,Meets my needs perfectly.
FB00889,ORD01678,C0436,11/3/2024,2,Dissatisfied,5,Home Appliances,Customer service was slow to respond.
FB00733,ORD02497,C0339,11/3/2024,5,Very Satisfied,9,Electronics,Fast delivery and great customer service.
FB00078,ORD02267,C0192,11/4/2024,4,Satisfied,8,Electronics,Happy with the quality.
FB00484,ORD00103,C0267,11/6/2024,1,Very Dissatisfied,3,Electronics,Product arrived damaged.
FB00607,ORD01690,C0121,11/6/2024,2,Dissatisfied,4,Electronics,Not what I expected from the description.
FB00004,ORD01523,C0187,11/7/2024,4,Satisfied,8,Lifestyle Goods,Satisfied with the purchase.
FB00683,ORD00697,C0484,11/8/2024,5,Very Satisfied,9,Lifestyle Goods,Product exceeded my expectations.
FB00519,ORD00492,C0401,11/9/2024,5,Very Satisfied,10,Lifestyle Goods,Product exceeded my expectations.
FB00789,ORD00988,C0085,11/10/2024,5,Very Satisfied,9,Home Appliances,Great value for money.
FB00954,ORD00715,C0250,11/10/2024,1,Very Dissatisfied,2,Electronics,"Waste of money, would not recommend."
FB00357,ORD01357,C0153,11/10/2024,4,Satisfied,8,Electronics,Satisfied with the purchase.
FB00073,ORD00576,C0185,11/11/2024,3,Neutral,7,Lifestyle Goods,"Average quality, expected more."
FB00431,ORD01085,C0193,11/12/2024,4,Satisfied,8,Lifestyle Goods,"Good product, works as expected."
FB00755,ORD02213,C0185,11/12/2024,1,Very Dissatisfied,3,Lifestyle Goods,"Terrible experience, seeking refund."
FB00349,ORD02110,C0128,11/12/2024,4,Satisfied,8,Home Appliances,Meets my needs perfectly.
FB00239,ORD01525,C0114,11/13/2024,5,Very Satisfied,9,Electronics,Best purchase I have made this year!
FB00590,ORD00205,C0039,11/13/2024,5,Very Satisfied,9,Electronics,Best purchase I have made this year!
FB00240,ORD01589,C0025,11/13/2024,5,Very Satisfied,9,Lifestyle Goods,Great value for money.
FB00388,ORD01230,C0085,11/13/2024,4,Satisfied,9,Home Appliances,"Good product, works as expected."
FB00418,ORD01242,C0321,11/13/2024,5,Very Satisfied,9,Home Appliances,Fast delivery and great customer service.
FB00764,ORD02212,C0139,11/13/2024,3,Neutral,7,Lifestyle Goods,No complaints but not impressed either.
FB00213,ORD01249,C0136,11/14/2024,4,Satisfied,7,Electronics,Satisfied with the purchase.
FB00166,ORD01611,C0155,11/15/2024,4,Satisfied,7,Home Appliances,"Product is fine, delivery was on time."
FB00041,ORD01518,C0344,11/15/2024,4,Satisfied,9,Home Appliances,"Product is fine, delivery was on time."
FB00583,ORD00327,C0322,11/17/2024,4,Satisfied,8,Electronics,"Product is fine, delivery was on time."
FB00752,ORD01372,C0449,11/18/2024,4,Satisfied,9,Home Appliances,Meets my needs perfectly.
FB00397,ORD01576,C0029,11/20/2024,4,Satisfied,7,Electronics,Satisfied with the purchase.
FB00504,ORD00707,C0025,11/20/2024,1,Very Dissatisfied,3,Lifestyle Goods,Does not work as advertised.
FB00760,ORD02183,C0212,11/21/2024,3,Neutral,5,Home Appliances,It works but could be better.
FB00571,ORD01438,C0267,11/22/2024,4,Satisfied,9,Electronics,Satisfied with the purchase.
FB00438,ORD02447,C0026,11/23/2024,2,Dissatisfied,3,Electronics,Had some issues with the product.
FB00112,ORD02344,C0146,11/24/2024,4,Satisfied,7,Home Appliances,"Product is fine, delivery was on time."
FB00072,ORD02115,C0235,11/25/2024,4,Satisfied,8,Lifestyle Goods,Meets my needs perfectly.
FB00295,ORD01208,C0328,11/25/2024,5,Very Satisfied,9,Lifestyle Goods,Product exceeded my expectations.
FB00944,ORD01794,C0333,11/26/2024,1,Very Dissatisfied,2,Home Appliances,Product arrived damaged.
FB00813,ORD00845,C0302,11/27/2024,1,Very Dissatisfied,2,Lifestyle Goods,"Waste of money, would not recommend."
FB00061,ORD00007,C0280,11/29/2024,4,Satisfied,8,Electronics,"Product is fine, delivery was on time."
FB00631,ORD01056,C0371,12/1/2024,4,Satisfied,9,Electronics,"Product is fine, delivery was on time."
FB00969,ORD00881,C0362,12/1/2024,4,Satisfied,8,Lifestyle Goods,"Product is fine, delivery was on time."
FB00435,ORD01642,C0323,12/1/2024,5,Very Satisfied,10,Lifestyle Goods,Best purchase I have made this year!
FB00326,ORD01370,C0184,12/2/2024,3,Neutral,7,Home Appliances,Decent product for the price.
FB00726,ORD01463,C0161,12/2/2024,2,Dissatisfied,5,Home Appliances,Had some issues with the product.
FB00496,ORD00512,C0330,12/3/2024,2,Dissatisfied,4,Lifestyle Goods,Product quality could be better.
FB00224,ORD01940,C0494,12/3/2024,4,Satisfied,8,Home Appliances,Satisfied with the purchase.
FB00401,ORD01304,C0051,12/4/2024,4,Satisfied,7,Lifestyle Goods,"Good product, works as expected."
FB00690,ORD02396,C0162,12/5/2024,2,Dissatisfied,5,Home Appliances,Delivery was delayed.
FB00191,ORD00435,C0208,12/6/2024,4,Satisfied,9,Electronics,Satisfied with the purchase.
FB00578,ORD01591,C0161,12/6/2024,3,Neutral,6,Home Appliances,"Average quality, expected more."
FB00688,ORD01483,C0451,12/6/2024,4,Satisfied,7,Lifestyle Goods,Meets my needs perfectly.
FB00773,ORD00367,C0401,12/8/2024,4,Satisfied,7,Home Appliances,Meets my needs perfectly.
FB00543,ORD00498,C0125,12/9/2024,5,Very Satisfied,10,Electronics,Great value for money.
FB00531,ORD01263,C0444,12/10/2024,4,Satisfied,8,Lifestyle Goods,"Good product, works as expected."
FB00050,ORD00019,C0399,12/10/2024,5,Very Satisfied,10,Lifestyle Goods,Product exceeded my expectations.
FB00714,ORD00828,C0215,12/11/2024,5,Very Satisfied,9,Home Appliances,Will definitely buy again.
FB00914,ORD01885,C0477,12/11/2024,3,Neutral,6,Lifestyle Goods,"Average quality, expected more."
FB00838,ORD01296,C0206,12/13/2024,4,Satisfied,8,Electronics,"Good product, works as expected."
FB00473,ORD01196,C0151,12/13/2024,4,Satisfied,8,Electronics,Satisfied with the purchase.
FB00781,ORD00513,C0136,12/14/2024,4,Satisfied,9,Home Appliances,"Good product, works as expected."
FB00615,ORD00190,C0471,12/15/2024,2,Dissatisfied,5,Home Appliances,Product quality could be better.
FB00008,ORD00490,C0323,12/15/2024,2,Dissatisfied,3,Electronics,Customer service was slow to respond.
FB00675,ORD01994,C0473,12/16/2024,2,Dissatisfied,5,Home Appliances,Product quality could be better.
FB00203,ORD01981,C0277,12/17/2024,5,Very Satisfied,9,Electronics,Will definitely buy again.
FB00994,ORD01800,C0295,12/18/2024,2,Dissatisfied,5,Electronics,Product quality could be better.
FB00520,ORD01553,C0391,12/19/2024,3,Neutral,7,Electronics,Decent product for the price.
FB00414,ORD02136,C0422,12/20/2024,4,Satisfied,9,Electronics,Happy with the quality.
FB00187,ORD02197,C0412,12/21/2024,5,Very Satisfied,9,Electronics,Fast delivery and great customer service.
FB00778,ORD02452,C0359,12/21/2024,4,Satisfied,7,Home Appliances,Happy with the quality.
FB00912,ORD02057,C0275,12/22/2024,5,Very Satisfied,9,Lifestyle Goods,Product exceeded my expectations.
FB00490,ORD01559,C0281,12/23/2024,4,Satisfied,7,Lifestyle Goods,"Product is fine, delivery was on time."
FB00273,ORD01907,C0266,12/24/2024,2,Dissatisfied,3,Home Appliances,Customer service was slow to respond.
FB00367,ORD01878,C0427,12/24/2024,4,Satisfied,7,Electronics,Meets my needs perfectly.
FB00024,ORD02024,C0406,12/25/2024,2,Dissatisfied,4,Electronics,Had some issues with the product.
FB00222,ORD02310,C0231,12/25/2024,4,Satisfied,9,Lifestyle Goods,"Product is fine, delivery was on time."
FB00884,ORD02204,C0358,12/26/2024,4,Satisfied,8,Lifestyle Goods,Happy with the quality.
FB00512,ORD00971,C0387,12/27/2024,5,Very Satisfied,9,Electronics,Product exceeded my expectations.
FB00010,ORD00389,C0034,12/28/2024,3,Neutral,6,Home Appliances,It works but could be better.
FB00691,ORD00393,C0327,12/29/2024,5,Very Satisfied,10,Electronics,Excellent product quality! Highly recommend.
FB00807,ORD02450,C0306,12/29/2024,4,Satisfied,8,Lifestyle Goods,Meets my needs perfectly.
FB00903,ORD02103,C0030,12/30/2024,1,Very Dissatisfied,1,Lifestyle Goods,"Terrible experience, seeking refund."
FB00292,ORD01821,C0204,12/31/2024,4,Satisfied,9,Lifestyle Goods,Meets my needs perfectly.
FB00102,ORD00392,C0364,12/31/2024,4,Satisfied,9,Lifestyle Goods,"Good product, works as expected."
FB00492,ORD00938,C0165,12/31/2024,3,Neutral,6,Lifestyle Goods,It works but could be better.
FB00725,ORD00386,C0228,1/1/2025,4,Satisfied,7,Electronics,Satisfied with the purchase.
FB00599,ORD01853,C0036,1/1/2025,5,Very Satisfied,9,Lifestyle Goods,Great value for money.
FB00168,ORD02455,C0389,1/2/2025,5,Very Satisfied,10,Lifestyle Goods,Will definitely buy again.
FB00951,ORD02284,C0403,1/2/2025,5,Very Satisfied,10,Electronics,Product exceeded my expectations.
FB00809,ORD01040,C0071,1/2/2025,4,Satisfied,7,Lifestyle Goods,Satisfied with the purchase.
FB00260,ORD00923,C0313,1/3/2025,3,Neutral,6,Lifestyle Goods,Decent product for the price.
FB00928,ORD01700,C0379,1/3/2025,4,Satisfied,9,Lifestyle Goods,"Good product, works as expected."
FB00479,ORD02312,C0197,1/3/2025,4,Satisfied,7,Lifestyle Goods,"Good product, works as expected."
FB00413,ORD00770,C0038,1/6/2025,5,Very Satisfied,10,Electronics,Fast delivery and great customer service.
FB00582,ORD02305,C0459,1/7/2025,5,Very Satisfied,10,Electronics,Will definitely buy again.
FB00898,ORD00857,C0059,1/7/2025,1,Very Dissatisfied,3,Electronics,Very disappointed with the quality.
FB00409,ORD00284,C0434,1/8/2025,4,Satisfied,7,Home Appliances,Satisfied with the purchase.
FB00523,ORD01116,C0128,1/8/2025,5,Very Satisfied,9,Home Appliances,Best purchase I have made this year!
